기업명,상세명,기업형태,지역,업종,자본금,매출액,대표자,설립일
화성일렉컴,㈜화성일렉컴,중소기업,서울 강서구,기타 반도체소자 제조업,"5,000만원(2023.12.31)",124억 7백만원(2023.12.31),황근성,2000.09.08(26년차)
아이제이테크,㈜아이제이테크,중소기업,경기 평택시,그 외 기타 전자부품 제조업,1억원(2024.12.31),115억 1천만원(2024.12.31),유인상,2010.07.01(16년차)
비에이치티,㈜비에이치티생명과학,중소기업,서울 강남구,화장품 및 화장용품 도매업,"5,000만원(2022.12.31)","8억 1,581만원(2022.12.31)",강세혁,2015.09.25(11년차)
트랜디플러스,㈜트랜디플러스,중소기업,서울 영등포구,광고·홍보·전시,2억원,70억,황다인,2017.04.03(9년차)
대광플라테크,㈜대광플라테크,중소기업,대구 북구,포장용 플라스틱 성형용기 제조업,2억원(2019.12.31),49억 5백만원(2019.12.31),조규택,2014.07.01(12년차)
이화일렉콤,㈜이화일렉콤,중소기업,경기 광주시,기타 전기 변환장치 제조업,7억원(2024.12.31),138억 1천만원(2024.12.31),이정상,2000.07.01(26년차)
덕천건설,㈜덕천건설,중소기업,경기 용인시,건물 건설업,11억 3천만원(2024.12.31),"1억 8,881만원(2024.12.31)",이은상,2001.04.03(25년차)
이지솔루션,㈜이지솔루션,중소기업,경기 평택시,그 외 기타 전기장비 제조업,2억원(2023.12.31),67억 6천만원(2023.12.31),김선홍,2014.01.06(12년차)
이지솔루션,이지솔루션,중소기업,경기 용인시,정보보안,"5,000만원",6억,이영주,2020.04.01(6년차)
이지솔루션,㈜이지다큐 솔루션,중소기업,서울 구로구,솔루션·SI·CRM·ERP,,,홍창호,2012.05.21(14년차)
이지솔루션,㈜케이지이솔루션 (KGE So,중소기업,인천 연수구,전기·전자·제어,-,-,김기환,2023.05.01(3년차)
이지솔루션,이지솔루션,중소기업,경기 광명시,회계·세무·법무,-,-,김민우,-
이지솔루션,이지솔루션,중소기업,서울 중구,솔루션·SI·CRM·ERP,-,-,신관석외 3명,2011.07.04(15년차)
이지솔루션,이지솔루션,중소기업,인천 서구,네트워크·통신서비스,-,-,한선희,2016.04.05(10년차)
이지솔루션,이지엠솔루션,중소기업,경기 성남시,컴퓨터 및 주변 기기 수리업,"5,206만원(2015.12.31)","3억 7,185만원(2015.12.31)",심문보,2013.06.07(13년차)
건창기술단,건창기술단,중소기업,서울 동대문구,건물 및 토목 엔지니어링 서비스업,10억원(2022.12.31),86억 7천만원(2022.12.31),김영규/이상호,2000.04.01(26년차)
고양시대화노인종합복지관,고양시대화노인종합복지관,비영리법인,경기도 고양시,그 외 기타 비거주 복지 서비스업,-,-,최윤정,2015.12.31(11년차)
경남은행,경남은행,대기업,경상남도 창원시,국내은행,"4,321억 4백만원(2024.12.31)","2조 7,670억원(2024.12.31)",김태한,2014.05.08(12년차)
더블유피솔루션즈,더블유피솔루션즈㈜,벤처기업,서울 구로구,솔루션·SI·CRM·ERP,"3억 8,000만원",20억 100백만원,이주기,2002(24년차)
라온랜드,라온랜드㈜,중소기업,제주 제주시,비주거용 건물 개발 및 공급업,9억원(2024.12.31),82억 6천만원(2024.12.31),윤창호,2006.12.06(20년차)
다날,㈜다날,중견기업,경기 성남시,모바일·APP,,,,
다날,㈜다날엔터테인먼트,중견기업,경기 성남시,데이터베이스 및 온라인정보 제공업,45억 6천만원(2024.12.31),216억 9백만원(2024.12.31),현능호,2012.01.01(14년차)
다날,㈜다날핀테크,중견기업,경기 성남시,시스템 소프트웨어 개발 및 공급업,77억 6천만원(2023.12.31),"1억 3,111만원(2023.12.31)",손경환,2019.01.25(7년차)
다날,다나음㈜,중소기업,경기 성남시,제약·보건·바이오,1억원,"60억 7,525만",김병용,2010.11.18(16년차)
다날,㈜다날쏘시오,중소기업,경기 성남시,전자상거래 소매업,80억원(2016.12.31),"3억 8,220만원(2016.12.31)",장한솔,2015.04.01(11년차)
다날,다나음,중소기업,경기 김포시,의료기기 도매업,"8억 5,000만원(2024.12.31)",45억 5백만원(2024.12.31),안창호,2016.04.28(10년차)
다날,㈜다날인터내셔널,중소기업,부산 부산진구,그 외 기타 상품 전문 도매업,-,-,신유라,-
다날,㈜다날투자파트너스,중소기업,경기도 성남시,투자 자문업 및 투자 일임업,-,-,진창용,-
다날,다나움요양병원,중소기업,서울 송파구,의료(병원분류별),-,-,김태형,-
다날,다날인프라랩,중소기업,서울 강남구,컴퓨터시스템 통합 자문 및 구축 서비스업,"2억 5,750만원(2024.12.31)",16억 1천만원(2024.12.31),유승수,2014.06.25(12년차)
지오데코,지오데코㈜,중소기업,서울특별시 강남구,무역·상사,,,한창헌,2000(26년차)
지오데코,데코지오,중소기업,경기 부천시,생활용품·소비재·기타,1억원,80억,박정준,2001(25년차)
지오데코,지오인터데코,중소기업,경기 수원시,"도배, 실내장식 및 내장 목공사업",-,-,양재혁,2002.01.10(24년차)
드림위드,㈜ 위드드림,중소기업,대전 동구,화학·에너지·환경,-,-,서동명,2017.11.20(9년차)
드림위드,드림위드에프씨,중소기업,경기 고양시,음식료·외식·프랜차이즈,"5,000만원",17억 7천만,이희경,2017.02.01(9년차)
드림위드,드림위드,중소기업,경기 수원시,네트워크·통신서비스,-,-,박정희,2021.10.15(5년차)
코스모코스,"㈜코스모코스(COSMOCOS Co.,Ltd)",중견기업,서울 관악구,생활화학·화장품,523억 5천만원,800억,이정훈,1992(34년차)
조이엠지,㈜조이엠지,중소기업,서울 서초구,제약·보건·바이오,30억원,-,명동섭,1987.01.01(39년차)
오티스엘리베이터,오티스엘리베이터,중견기업,서울 영등포구,승강기 제조업,,,,
인천화학,SK인천석유화학,대기업,인천 서구,원유 정제처리업,"1,066억 6천만원(2024.12.31)",10조 7천억원(2024.12.31),노상구,2013.07.01(13년차)
인천화학,인천화학㈜,중소기업,인천 서구,기타 기초 무기 화학물질 제조업,12억원(2024.12.31),825억 3천만원(2024.12.31),이창원,1983.01.21(43년차)
대광건영,㈜대광건영,중견기업,광주 서구,아파트 건설업,38억원(2024.12.31),"4,814억 5천만원(2024.12.31)",김남중,2002.08.09(24년차)
대광건영,대광건영㈜,중소기업,인천 동구,건축·설비·환경,-,-,이해우,1978(48년차)
제일약품,제일약품㈜,중견기업,서울 서초구,완제 의약품 제조업,73억 5천만원(2024.12.31),"6,983억 7천만원(2024.12.31)",성석제/한상철,2017.06.01(9년차)
제일약품,제일약품㈜,대기업,경기 용인시,제약·보건·바이오,-,-,성석제,2017.06.01(9년차)
고려엠지,고려엠지㈜,중소기업,서울 송파구,"증류기, 열교환기 및 가스발생기 제조업","3억 5,000만원(2024.12.31)",165억 4천만원(2024.12.31),윤주영,2003.02.11(23년차)
이모텔리,㈜이모텔리,중소기업,서울 구로구,컴퓨터·하드웨어·장비,2억원,80억,김성수,2007.04.06(19년차)
대성아이넷,대성아이넷,중소기업,경기 남양주시,"컴퓨터 및 주변장치, 소프트웨어 소매업",10억 5천만원(2020.12.31),"4억 4,857만원(2020.12.31)",홍근원,2009.02.10(17년차)
광진실업,광진실업㈜,중소기업,부산 사하구,열간 압연 및 압출 제품 제조업,32억 2백만원(2024.12.31),554억 8천만원(2024.12.31),허유석,1976.12.06(50년차)
광진실업,㈜광진실업,중소기업,인천 서구,그 외 기타 분류 안된 섬유제품 제조업,"5,000만원(2021.12.31)",46억 1천만원(2021.12.31),최진수,2012.01.01(14년차)
광진실업,광진실업㈜케이제이모터스,중소기업,부산 남구,자동차·조선·철강·항공,-,197억,허유석 허정도,2011(15년차)
광진실업,광진실업㈜케이제이모터스 창원점,대기업 계열사·자회사,경남 김해시,금속·재료·자재,-,-,허유석,-
정석푸드,㈜정석푸드나주,중소기업,전남 나주시,육류 포장육 및 냉동육 가공업 (가금류 제외),2억원(2024.12.31),569억 9천만원(2024.12.31),손정석,2019.12.01(7년차)
정석푸드,농업회사법인 ㈜정석푸드,중소기업,전남 장성군,육류 기타 가공 및 저장처리업 (가금류 제외),2억원(2024.12.31),423억 2천만원(2024.12.31),손정석,2014.04.16(12년차)
덕수건설,㈜덕수건설,중소기업,인천 강화군,비주거용 건물 개발 및 공급업,5억원(2024.12.31),-,강용덕/이원수,2022.05.26(4년차)
셀루메드,㈜셀루메드,중소기업,서울 금천구,제약·보건·바이오,122억원,128억,유인수,1997(29년차)
우경건설,우경건설㈜,중견기업,경기 군포시,토목시설물 건설업,25억 5백만원(2024.12.31),239억 8천만원(2024.12.31),김완,2001.01.05(25년차)
우경건설,우경건설㈜,중소기업,경기 성남시,토목시설물 건설업,17억원(2024.12.31),"1,000억 7천만원(2024.12.31)",노윤근,1999.03.20(27년차)
우경건설,㈜우경건설,중소기업,경기 시흥시,그 외 기타 건축 마무리 공사업,3억원(2018.12.31),16억 3천만원(2018.12.31),신현악,2008.05.01(18년차)
우경건설,㈜우경종합건설,중소기업,세종 조치원읍,기타 비주거용 건물 건설업,-,-,박진숙,2022.03.16(4년차)
우경건설,우경건설㈜남원지사,중소기업,전북 남원시,금속·재료·자재,-,-,노윤근,-
우경건설,삼덕이앤씨㈜,중소기업,경기 군포시,주거용 건물 건설업,13억원(2022.12.31),"6억 8,376만원(2022.12.31)",안상필,1999.10.27(27년차)
다올투자증권,다올투자증권㈜,대기업,서울 영등포구,증권 중개업,"4,007억 4천만원(2024.12.31)","8,949억 5천만원(2024.12.31)",이병철/황준호,1981.05.08(45년차)
다올투자증권,㈜다올저축은행,대기업,서울 강남구,상호저축은행 및 기타 저축기관,"2,780억원(2024.12.31)","4,158억 4천만원(2024.12.31)",김정수,1972.12.20(54년차)
다올투자증권,㈜케이씨이아이,벤처기업,서울 구로구,솔루션·SI·CRM·ERP,15억원,161억 61백만,고현준,1982.09.16(44년차)
다올투자증권,다올자산운용㈜,중소기업,서울 영등포구,은행·금융,,,이창희,1999.09.11(27년차)
다올투자증권,엠지푸드솔루션㈜,중소기업,경기 포천시,천연 및 혼합조제 조미료 제조업,"4억 7,444만원(2024.12.31)",399억 1백만원(2024.12.31),김광녕/하상훈,2012.01.01(14년차)
다올투자증권,승명실업㈜,중소기업,인천 부평구,오프셋 인쇄업,"2억 4,000만원(2024.06.30)",363억 9천만원(2024.06.30),이승련,1991.12.05(35년차)
다올투자증권,애경피앤티㈜,중소기업,충북 음성군,"플라스틱 포대, 봉투 및 유사제품 제조업",18억 5천만원(2024.06.30),503억 1천만원(2024.06.30),방재승,1983.06.01(43년차)
다올투자증권,박원,중소기업,경기 화성시,구름베어링 제조업,15억 3천만원(2024.12.31),416억 3천만원(2024.12.31),김상태/박운규,1994.12.27(32년차)
다올투자증권,케이티비프라이빗에쿼티㈜,중소기업,서울특별시 영등포구,신탁업 및 집합투자업,251억원(2020.12.31),23억 5백만원(2020.12.31),김지원,2001.10.09(25년차)
다올투자증권,에스원피앤피㈜,중소기업,경기 화성시,경영 컨설팅업,74억 2천만원(2024.06.30),16억 5천만원(2024.06.30),윤여준,2019.02.01(7년차)
엘도라도리조트신안지점,㈜엘도라도리조트신안지점,중소기업,전남 신안군,호텔·여행·항공,-,-,김광중,2004.07.23(22년차)
예인아테크,예인아테크,중소기업,서울특별시 금천구,제조업 및 유사 산업용 건물 건설업,12억 1천만원(2017.12.31),"9억 8,501만원(2017.12.31)",오관석,2000.06.13(26년차)
예인아테크,㈜대희건설,중소기업,서울 강북구,포장 공사업,-,-,이상진,2001.05.10(25년차)
노사발전재단,노사발전재단,공공기관,서울 마포구,그 외 기타 협회 및 단체,40억 8천만원(2015.12.31),356억 9천만원(2015.12.31),박종필,2007.04.05(19년차)
동아,동아쏘시오홀딩스㈜,중견기업,서울 동대문구,지주회사,317억 4천만원(2024.12.31),9886억,정재훈,1932.12.01(94년차)
동아,동아에스티(주),중견기업,서울 동대문구,완제 의약품 제조업,458억 6천만원(2024.12.31),"6,407억 3천만원(2024.12.31)",정재훈,2013.03.04(13년차)
동아,동아제약㈜,중견기업,서울 동대문구,완제 의약품 제조업,300억원(2024.12.31),"6,786억 8천만원(2024.12.31)",백상환,2013.03.01(13년차)
동아,동아출판,중견기업,서울 영등포구,출판·인쇄·사진,100억원(2024.12.31),"1,120억원1십만원(2024.12.31)",이욱상,1945.09.19(81년차)
동아,동아일보,중견기업,서울 서대문구,신문 발행업,150억원(2024.12.31),"2,715억 1천만원(2024.12.31)",김재호/임채청,1920.04.01(106년차)
동아,동아오츠카㈜,중견기업,서울 동대문구,기타 비알코올 음료 제조업,660억원(2024.12.31),"3,821억 3천만원(2024.12.31)",박철호/타치바나토시유키,1979.03.02(47년차)
동아,㈜동아사이언스,중견기업,서울 서대문구,출판·인쇄·사진,12억 7천만원(2024.12.31),146억 9천만원(2024.12.31),장경애,2000.08.31(26년차)
동아,㈜동아닷컴,중견기업,서울 서대문구,신문·잡지·언론사,16억 6천만원,160억,김승환/신석호,1996(30년차)
동아,동아연필㈜,중소기업,대전 대덕구,목재·제지·가구,30억원,450억,김학재,1946(80년차)
동아,동아화성㈜,중견기업,경남 김해시,고무패킹류 제조업,80억원(2024.12.31),"1,214억 5천만원(2024.12.31)",임경식/성락제,1974.11.18(52년차)
해원바이오테크,㈜해원바이오테크,중소기업,경기 부천시,수산식물 가공 및 저장 처리업,45억 5천만원(2023.12.31),"4억 4,991만원(2023.12.31)",임병재,1999.02.15(27년차)
아미고디자인,㈜아미고디자인,중소기업,서울 서초구,출판·인쇄·사진,2억원,10억 5천만,이정원,2004.04.21(22년차)
대기이엔지,주식회사대기이엔지,중소기업,경기도 평택시,시설물 유지관리 공사업,7억 500만원(2024.12.31),55억 2천만원(2024.12.31),김문기,2009.04.17(17년차)
케이엔디,케이엔디이㈜,중소기업,부산 강서구,"기타 기술 시험, 검사 및 분석업",14억 9천만원(2024.12.31),270억 1천만원(2024.12.31),서칠수,2005.01.04(21년차)
케이엔디,㈜케이엔엔디앤씨,중견기업,부산 해운대구,시설관리·보안·경비,7억원,70억,최한호,2016.10.09(10년차)
케이엔디,㈜케이엔디,중소기업,인천 서구,전기·전자·제어,50억원,80억,김현순,2000.05.01(26년차)
케이엔디,케이엔디,중소기업,서울 강남구,제약·보건·바이오,,,정형중,1990(36년차)
케이엔디,케이엔디㈜,중소기업,경남 거제시,"철물, 금속 파스너 및 수공구 도매업",3억원(2019.12.31),37억 4천만원(2019.12.31),박철규,2003.07.01(23년차)
케이엔디,㈜케이엔디,중소기업,서울 영등포구,그 외 기타 여신금융업,"3억 1,000만원(2019.12.31)",5억원(2019.12.31),김대현,2018.01.31(8년차)
케이엔디,케이엔디,중소기업,서울 중구,제품 디자인업,-,-,여성언,2011(15년차)
케이엔디,㈜케이엔디엘,중소기업,경기 남양주시,전자상거래 소매업,-,-,남경민,-
케이엔디,㈜케이문에프엔디,중소기업,서울 마포구,연예·엔터테인먼트,-,-,이재인,2014.12.24(12년차)
상지대학교산학협력단,상지대학교 산학협력단,비영리법인,강원 원주시,기타 사무지원 서비스업,-,138억 6천만원(2024.02.29),김상호,2004.01.01(22년차)
코리아푸드,이하이코리아푸드㈜,외국계(외국 투자기업),서울특별시 마포구,백화점·유통·도소매,"9억 9,000만원",2조5000억,CHEN LINLI,2019.11.29(7년차)
코리아푸드,㈜오리엔탈푸드코리아,중소기업,서울 영등포구,음식료·외식·프랜차이즈,,,박규성,2003.10.03(23년차)
코리아푸드,㈜코리아케이푸드,중소기업,서울 강남구,음ㆍ식료품 및 담배 중개업,,,지봉준,2006.11.01(20년차)
코리아푸드,푸드리퍼블릭코리아(유),중소기업,서울 마포구,상품 종합 도매업,"1,000만원(2024.12.31)",71억 3천만원(2024.12.31),전유빈,2014.04.03(12년차)
코리아푸드,타이슨푸드코리아 유한회사,중소기업,세종 전의면,육류 기타 가공 및 저장처리업 (가금류 제외),130억원(2024.09.30),"1,266억 7천만원(2024.09.30)",이철기,2020.01.01(6년차)
코리아푸드,㈜푸드코리아,중소기업,경기 평택시,식품가공,,,김형철,2000(26년차)
코리아푸드,㈜에코푸드코리아,중소기업,경기 하남시,기타 산업용 농산물 도매업,3억원(2023.12.31),174억 9천만원(2023.12.31),김춘성,2003.02.21(23년차)
코리아푸드,엔씨코리아푸드,중소기업,서울 종로구,경영 컨설팅업,,,,
코리아푸드,파라다이스푸드코리아,중소기업,충북 충주시,한식 일반 음식점업,,,,
코리아푸드,㈜코리아푸드,중소기업,경기 파주시,천연 및 혼합조제 조미료 제조업,,,,
바이오프리,㈜바이오프리,벤처기업,서울 동대문구,제약·보건·바이오,,,,
지디앤피,㈜흥지디앤피,중소기업,서울 종로구,부동산 중개 및 대리업,,,,
세기전기,세기소방전기,중소기업,경기 안양시,건축·설비·환경,,,,
세기전기,세기전기테크,중소기업,대구 북구,전지 및 케이블 도매업,,,,
세기전기,세기전기조명,중소기업,경기 남양주시,"전구, 램프 및 조명장치 도매업",,,,
송주건설,송주건설㈜,중소기업,강원 원주시,조경 건설업,,,,
다모아식품,농업회사법인다모아식품,중소기업,대전 동구,식품가공,,,,
하이트진로,하이트진로㈜,중견기업,서울 강남구,알코올음료 제조업,,,,
하이트진로,하이트진로음료㈜,중견기업,경기 용인시,생수 생산업,,,,
하이트진로,하이트진로㈜마산공장,대기업,경남 창원시,식품가공,,,,
하이트진로,하이트진로음료㈜ 청주공장,대기업 계열사·자회사,충북 청주시,식품가공,,,,
하이트진로,하이트진로㈜이천공장,중견기업,경기 이천시,식품가공,,,,
하이트진로,하이트진로㈜전주공장,중견기업,전북 완주군,식품가공,,,,
동원테크,㈜동원테크,중소기업,경남 김해시,자동차 차체용 신품 부품 제조업,19억 6천만원(2024.12.31),574억 6천만원(2024.12.31),류동엽,2000.01.13(26년차)
동원테크,동원테크,중소기업,인천 강화군,유리 및 창호 공사업,3억원(2020.12.31),29억 3천만원(2020.12.31),조현정,2013.05.15(13년차)
동원테크,동원테크㈜,중소기업,대구 북구,기계·기계설비,3억원,50억,박기태,2012.05.01(14년차)
동원테크,㈜동원테크,중소기업,경기 평택시,반도체·디스플레이·광학,-,-,김영민,2004.04.01(22년차)
동원테크,동원테크,중소기업,경기 광주시,목재·제지·가구,-,-,박동학,-
동원테크,동원테크,중소기업,부산 사상구,백화점·유통·도소매,"1억 5,000만원",30억,조주환,2000.07.01(26년차)
동원테크,동원테크,중소기업,경기 안산시,자동차·조선·철강·항공,-,-,김인호,-
동원테크,동원공조테크㈜,중소기업,서울 중구,배관 및 냉ㆍ난방 공사업,"2억 5,000만원(2022.12.31)",14억 4천만원(2022.12.31),송복헌,2005.01.12(21년차)
동원테크,동원테크㈜함안공장,중소기업,경남 함안군,자동차·조선·철강·항공,-,-,이석우,2007(19년차)
동원테크,동원테크,중소기업,서울 금천구,쇼핑몰·오픈마켓·소셜커머스,1억원,10억,윤현우,2006.01.02(20년차)
거제돔관광호텔,거제돔관광호텔,중소기업,경남 거제시,호텔업,43억 6천만원(2019.12.31),10억 1백만원(2019.12.31),정원욱/정재권/정창욱,2015.01.16(11년차)
신세계소방,㈜신세계소방,중소기업,전남 순천시,시설물 유지관리 공사업,"1억 1,300만원(2024.12.31)","7억 3,882만원(2024.12.31)",박윤식,2002.03.15(24년차)
백림종합건설,(주)백림종합건설,중소기업,서울 강북구,기타 공동 주택 건설업,"2억 3,000만원(2024.12.31)",89억 9천만원(2024.12.31),진희원,2012.03.16(14년차)
신도산업,신도산업㈜,중소기업,경기 파주시,화학·에너지·환경,10억원,495억,황동혁,1990.05.20(36년차)
신도산업,신도산업㈜,중소기업,대전 유성구,금속 절삭기계 제조업,,,,
신도산업,신도산업㈜,중소기업,충남 금산군,기타 토목시설물 건설업,,,,
신도산업,신도산업개발,중소기업,인천 부평구,기타 비주거용 건물 건설업,,,,
신도산업,정도산업㈜,중소기업,경기 파주시,구조용 금속 판제품 및 공작물 제조업,,,,
씨티트레이딩,씨티트레이딩,중소기업,서울 성동구,백화점·유통·도소매,,,,
위딘,㈜위딘미디어그룹,벤처기업,서울 구로구,광고·홍보·전시,,,,
위딘,위딘마일코리아,중소기업,서울 강남구,응용 소프트웨어 개발 및 공급업,,,,
동성지기,㈜동성지기,중소기업,부산 연제구,생활용품·소비재·기타,,,정두현,1966.04.16(60년차)
애드사운드,㈜애드사운드,중소기업,서울 금천구,기록매체 복제업,,,,
대건이엔엘,㈜대건이엔엘,중소기업,대전 대덕구,인테리어·자재,,,,
민텍,민언프린텍㈜,중소기업,경기 파주시,기타 인쇄업,,,,
민텍,민폴리텍(동업),중소기업,경기 화성시,합성수지 및 기타 플라스틱 물질 제조업,,,,
민텍,민아키텍츠건축사사무소,중소기업,부산 해운대구,건축·설비·환경,,,,
민텍,민텍스타일,중소기업,경기 하남시,섬유·의류·패션,,,,
인포링크,인포링크㈜,중소기업,경기 용인시,전기·전자·제어,1억원,46억,김성주,2007.09.03(19년차)
정원로지스,㈜정원로지스,중소기업,경남 양산시,기타 육상 운송지원 서비스업,"1,000만원(2017.12.31)",17억 2천만원(2017.12.31),김옥희,2014.01.01(12년차)
정원로지스,정원로지스,중소기업,광주 서구,일반 화물자동차 운송업,-,-,임종춘,-
에스지건설,㈜에스엠디자인건설,중소기업,경기 파주시,건설·시공·토목·조경,6억원,1200억,박성민,1995.11.01(31년차)
에스지건설,㈜에스와이건설산업,중소기업,서울 강남구,부동산·중개·임대,30억원,100억,이은주,2022.03.03(4년차)
에스지건설,에스지건설㈜,중견기업,강원 원주시,토목시설물 건설업,"4억 5,000만원",40억,유지봉,2009.08.15(17년차)
에스지건설,에스지건설㈜,중소기업,전남 목포시,토공사업,3억 300만원(2024.12.31),3억 477만원(2024.12.31),안윤선,2018.04.03(8년차)
에스지건설,에스지주택건설,중소기업,경기 용인시,단독 주택 건설업,-,-,유정열,2017.09.01(9년차)
에스지건설,에스지건설개발㈜,중소기업,경기 하남시,토공사업,2억원(2024.12.31),"3억 5,554만원(2024.12.31)",김관준,2008.12.18(18년차)
에스지건설,㈜에스지종합건설,중소기업,경기 김포시,비계 및 형틀 공사업,"3억 5,000만원(2020.12.31)",14억 8천만원(2020.12.31),강용쇠,2019.10.02(7년차)
에스지건설,㈜에스와이건설,중소기업,경기 화성시,단독 주택 건설업,5억원(2024.12.31),"1억 6,632만원(2024.12.31)",김영기,2019.05.30(7년차)
에스지건설,㈜에스와이건설,중소기업,서울 광진구,건설·시공·토목·조경,"7억 5,000만원",300억,박치홍,2007.06.26(19년차)
딜리셔스랑고,㈜딜리셔스,중소기업,서울 종로구,전자상거래 소매업,,,,
딜리셔스랑고,㈜올투딜리셔스,중소기업,서울 송파구,음식료·외식·프랜차이즈,,,,
딜리셔스랑고,㈜스타일딜리셔스,중소기업,서울 강남구,섬유·의류·패션,,,,
딜리셔스랑고,㈜딜리셔스랑고,중소기업,서울 서초구,그 외 기타 정보 서비스업,,,,
딜리셔스랑고,딜리셔스피플,중소기업,대구 중구,천연 및 혼합조제 조미료 제조업,,,,
딜리셔스랑고,㈜딜리셔스푸드컴퍼니,중소기업,강원도 영월군,기타 가공식품 도매업,,,,
딜리셔스랑고,㈜더딜리셔스코리아,중소기업,경기 의정부시,한식 일반 음식점업,,,,
딜리셔스랑고,㈜딜리셔스월드에프앤비,중소기업,서울 마포구,음식료·외식·프랜차이즈,,,,
밥상푸드,㈜밥상푸드,중소기업,인천 서구,가금류 가공 및 저장 처리업,,,,
밥상푸드,주식회사 밥상편지푸드,중소기업,인천 서구,기타 식사용 가공처리 조리식품 제조업,,,,
에이치에스건설,에이치에스건설㈜,중소기업,충북 청주시,건물 건설업,,,,
에이치에스건설,㈜에이치에스비건설,중소기업,서울 송파구,지반조성 건설업,,,,
에이치에스건설,㈜에이치에스건설,중소기업,경기 양주시,건설·시공·토목·조경,,,,
에이치에스건설,에이치에스건설㈜,중소기업,경기 안양시,그 외 기타 분류 안된 사업지원 서비스업,,,,
에이치에스건설,에이치에스건설산업,중소기업,경기 김포시,금속·재료·자재,,,,
에이치에스건설,에이치에스종합건설,중소기업,경기 안성시,그 외 기타 건축 마무리 공사업,,,,
에이치에스건설,에이치에스도장건설㈜,중소기업,인천 부평구,도장 공사업,,,,
에이치에스건설,에이치에스종합건설,중소기업,울산 동구,기타 비주거용 건물 건설업,,,,
대산강건,(유)대산강건,중소기업,전북 익산시,시설물 유지관리 공사업,,,,
코아테크코리아,㈜코아테크코리아,중소기업,경기 안양시,"물질 검사, 측정 및 분석기구 제조업",1억원(2024.12.31),158억 6천만원(2024.12.31),전종환,2004.04.14(22년차)
코아테크코리아,㈜코아테크코리아,중소기업,경기 화성시,목재·제지·가구,"5,000만원",130억,전종환,2007.04.30(19년차)
아리산업,아림산업㈜,중소기업,경기 부천시,전기·전자·제어,6억원,50억,유광옥,-
아리산업,㈜아리산업,벤처기업,충북 청주시,건설·시공·토목·조경,6억원,98억,한정구,2006.01.09(20년차)
아리산업,아린산업,중소기업,경기 포천시,목재 도구 및 주방용 나무제품 제조업,"1억 1,000만원(2018.12.31)",14억 7백만원(2018.12.31),정소현,2015.01.09(11년차)
아리산업,아림산업,중소기업,서울 강남구,섬유·의류·패션,-,-,김민이,-
아리산업,아린산업,중소기업,경북 경산시,기타 플라스틱 발포 성형제품 제조업,-,-,채원빈,2018.07.01(8년차)
성북합동상사,㈜성북합동상사,중소기업,서울 성북구,물류·운송·배송,2억원,110억,민상현/민찬영,1976.09.23(50년차)
아데카코리아,아데카코리아,중견기업,전북 완주군,그 외 기타 분류 안된 화학제품 제조업,150억원(2025.03.31),"3,473억 6백만원(2025.03.31)",박종석,1991.11.02(35년차)
서연건설,서연건설㈜,중소기업,경기 파주시,콘크리트 및 철근 공사업,"4억 2,500만원(2023.12.31)",53억 2천만원(2023.12.31),한정순,2009.09.21(17년차)
서연건설,서연건설,중소기업,경기 고양시,건물 및 구축물 해체 공사업,"1억 5,000만원(2023.12.31)",10억원6만원(2023.12.31),변경진,2016.10.05(10년차)
서연건설,서연건설주식회사,중소기업,인천 서구,기타 비주거용 건물 건설업,"1,000만원(2023.12.31)",7억,김철권,2016.11.15(10년차)
나봄리조트,나봄리조트,중소기업,전북 무주군,호텔업,223억원(2024.12.31),47억 3백만원(2024.12.31),박진호,2009.03.01(17년차)
나봄리조트,나봄리조트㈜,중소기업,전북 장수군,호텔·여행·항공,,,,
하프타임,㈜하프타임,중소기업,서울 서대문구,일반 영화 및 비디오물 제작업,,,,
하프타임,하프타임스튜디오,중소기업,서울 구로구,응용 소프트웨어 개발 및 공급업,,,,
하프타임,하프타임챔피언점,중소기업,울산 남구,비주거용 건물 임대업,,,,
하프타임,하프타임서면몰편의점,중소기업,부산 부산진구,한식 해산물요리 전문점,,,,
지구물산,지구물산,중소기업,전북 전주시,농업 및 임업용 기계 제조업,,,,
지구물산,지구물산,중소기업,경기 화성시,접착제 및 젤라틴 제조업,,,,
글로벌텍,글로벌이엔텍㈜,중소기업,충남 당진시,건축·설비·환경,,,,
글로벌텍,글로벌엔텍㈜,중소기업,서울 금천구,화학·에너지·환경,,,,
글로벌텍,㈜뉴텍글로벌,중소기업,부산 강서구,자동차·조선·철강·항공,-,-,임영환,2004.12.01(22년차)
글로벌텍,베스텍글로벌,중소기업,인천 서구,포장용 플라스틱 성형용기 제조업,"2억 5,000만원(2024.12.31)",131억 1천만원(2024.12.31),백승권,2014.12.02(12년차)
글로벌텍,글로벌비즈텍,중소기업,서울 중랑구,솔루션·SI·CRM·ERP,,,,
글로벌텍,㈜케이텍글로벌,중소기업,부산 강서구,기계·기계설비,,,,
글로벌텍,㈜글로벌페이퍼텍,중소기업,경기 용인시,목재·제지·가구,,,,
글로벌텍,글로벌오토텍,중소기업,광주 광산구,자동차 차체 및 트레일러 제조업,,,,
글로벌텍,㈜웨이텍글로벌,중소기업,경기 안양시,"물질 검사, 측정 및 분석기구 제조업",,,,
글로벌텍,엠텍글로벌,중소기업,경남 창원시,유선 통신장비 제조업,,,,
한국국제협력단,한국국제협력단,공공기관,경기 성남시,외무 행정,,,,
한국국제협력단,코이카메디칼,중소기업,서울 관악구,의료기기 도매업,,,,
강지,㈜강지,중소기업,경남 김해시,절삭가공 및 유사처리업,,,,
강지,㈜화강지에스케이,중소기업,서울 마포구,무역·상사,,,,
강지,세성세무법인한강지,중소기업,서울 용산구,회계·세무·법무,,,,
강지,강지천한의원,중소기업,서울 노원구,한의원,,,,
강지,강지네 해물 손칼국수,중소기업,인천 중구,한식 면요리 전문점,,,,
강지,강지수세무회계사무소,중소기업,대구 동구,회계·세무·법무,,,,
강지,강지연뷰티 아카데미,중소기업,대전 서구,학원·어학원·교육원,,,,
강지,강지현,중소기업,경기 성남시,공연 기획업,,,,
대명산업,㈜대명보건산업,중소기업,대전 서구,"소독, 구충 및 방제 서비스업",,,,
대명산업,㈜대명레저산업 변산지점,중소기업,전북 부안군,호텔·여행·항공,,,,
대명산업,대명산업㈜,중소기업,울산 북구,그 외 자동차용 신품 부품 제조업,,,,
대명산업,㈜대명산업,중소기업,인천 남동구,육상 금속 골조 구조재 제조업,,,,
대명산업,대명산업,중소기업,경상북도 경산시,자동차 엔진용 신품 부품 제조업,,,,
대명산업,대명산업,중소기업,경남 창녕군,합성수지 및 기타 플라스틱 물질 제조업,,,,
대명산업,대명산업,중소기업,경북 칠곡군,금속·재료·자재,-,-,심명동,-
대명산업,대명산업기술㈜,중소기업,경남 김해시,금속 주조 및 기타 야금용 기계 제조업,"3,000만원(2024.12.31)",126억 9천만원(2024.12.31),김당주,2007.07.07(19년차)
팜로드,팜로드㈜,중소기업,서울 구로구,의약품 도매업,20억원(2024.12.31),"1,362억 4천만원(2024.12.31)",김진원,2017.09.01(9년차)
팜로드,㈜팜로드,중소기업,광주 서구,물류·운송·배송,"1억 6,000만원",9억4천,김영호,2005.08.01(21년차)
팜로드,로드팜,중소기업,전북 전주시,의약품 도매업,"2,442만원(2023.12.31)",61억 8천만원(2023.12.31),김성수,2017.08.03(9년차)
성진산업,성진산업개발㈜,중소기업,경기 안양시,금속·재료·자재,100억원,600억,양우진,2017.11.01(9년차)
성진산업,성진산업,중소기업,충남 서산시,자동차·조선·철강·항공,-,-,조순구,2011.09.01(15년차)
성진산업,성진산업㈜,중소기업,충남 아산시,레미콘 제조업,6억원(2024.12.31),185억 4천만원(2024.12.31),양우성,1990.08.01(36년차)
성진산업,성진산업,중소기업,대구 달서구,일반철물 제조업,1억원(2023.12.31),20억 8천만원(2023.12.31),이성식,2012.04.01(14년차)
성진산업,성진산업,중소기업,경남 김해시,벽 및 바닥 피복용 플라스틱제품 제조업,"4억 1,930만원(2023.12.31)",22억 5천만원(2023.12.31),조성진,2020.04.15(6년차)
성진산업,성진산업㈜,중소기업,경기 화성시,고무패킹류 제조업,"5,000만원(2020.12.31)",26억 1천만원(2020.12.31),유형석,2000.09.27(26년차)
성진산업,성진산업,중소기업,경상남도 창원시,고무패킹류 제조업,"9,500만원(2024.12.31)",16억 9천만원(2024.12.31),배수열,2013.09.23(13년차)
성진산업,성진전자부품산업㈜,중소기업,경기 남양주시,그 외 기타 플라스틱 제품 제조업,2억원,100억,권영남/이진한,1989.01.04(37년차)
성진산업,성진산업,중소기업,부산 기장군,금속·재료·자재,-,-,김복순,-
성진산업,㈜성진산업개발,중소기업,경기 김포시,콘크리트 및 철근 공사업,9억원(2022.12.31),240억 6천만원(2022.12.31),원현숙,1996.10.14(30년차)
에이스월드,에이스월드,중소기업,대구 서구,"전자기 측정, 시험 및 분석기구 제조업","1억 3,812만원(2017.12.31)",14억 7천만원(2017.12.31),한윤균,2000.12.01(26년차)
에이스월드,에이스월드,중소기업,서울 용산구,전자상거래 소매 중개업,-,-,AN JONG EUI,-
에이스월드,㈜ 월드에이스,중소기업,서울 서대문구,남녀용 겉옷 및 셔츠 도매업,1억원,350억원,김보철,-
유팜,주식회사 유앤팜,중소기업,경기 수원시,그 외 기타 분류 안된 사업지원 서비스업,"2,000만원(2023.12.31)",36억 7천만원(2023.12.31),박건영,2022.06.08(4년차)
유팜,㈜엠유팜,중소기업,인천 부평구,제약·보건·바이오,5억원,88억,황재덕,2006.08.01(20년차)
유팜,유팜몰,중소기업,서울 구로구,전자상거래 소매 중개업,10억원(2023.12.31),18억 6천만원(2023.12.31),최기호,2016.12.22(10년차)
유팜,마이코팜유한책임회사,중소기업,전북 전주시,건강기능식품 제조업,-,-,박재휘,2017.10.31(9년차)
강신산업,강신산업㈜,중소기업,서울 성북구,기타 화학물질 및 화학제품 도매업,25억원(2024.12.31),440억 3천만원(2024.12.31),박상욱/박창순/이근남,1979.01.05(47년차)
소비자교육중앙회,㈔소비자교육중앙회,비영리법인,서울 중구,사회교육시설,-,11억 6천만원(2015.12.31),주경순,1972.11.07(54년차)
소비자교육중앙회,사)소비자교육중앙회수원시지회,비영리법인,경기 수원시,그 외 기타 협회 및 단체,-,-,심재윤,-
드림하이테크,㈜드림하이테크,중소기업,경기 수원시,솔루션·SI·CRM·ERP,"1억 9,000만원",41억,김세연,2000.09.22(26년차)
드림하이테크,㈜드림하이테크,중소기업,경기 하남시,무역·상사,-,-,강영화,2009.05.11(17년차)
드림하이테크,드림하이테크,중소기업,서울 구로구,그 외 기타 전자부품 제조업,"1억 5,000만원(2024.12.31)","6억 6,918만원(2024.12.31)",최서유,2014.01.01(12년차)
드림하이테크,㈜드림하이테크,중소기업,인천 남동구,포장용 플라스틱 성형용기 제조업,"5,000만원(2024.12.31)",64억 8천만원(2024.12.31),조충현,2016.10.01(10년차)
대원지주회사,㈜대원지주회사,중견기업,서울 서초구,주거용 건물 건설업,6억원(2024.12.31),338억 8천만원(2024.12.31),강창길/전응식,2001.09.01(25년차)
제이컬렉션,㈜제이컬렉션,중소기업,서울 강남구,백화점·유통·도소매,"1억 5,000만원(2020.12.31)",20억 8천만원(2020.12.31),박수철,2012.05.01(14년차)
제이컬렉션,제이케이컬렉션,중소기업,서울 중구,의복 액세서리 및 모조 장신구 도매업,-,-,곽범철,2014.11.10(12년차)
한국이지메디,한국이지메디,중소기업,대전 유성구,의약품 및 의료용품 소매업,"5,000만원(2024.12.31)",68억 6천만원(2024.12.31),이인규,2017.07.06(9년차)
엠즈씨드,엠즈씨드㈜,대기업 계열사·자회사,서울 강남구,음식료·외식·프랜차이즈,,,,
에스앤골프리조트,㈜에스앤골프리조트,중소기업,충남 보령시,스포츠·여가·레저,,,,
에스앤골프리조트,㈜에스지아름다운골프앤리조트,중소기업,충남 아산시,골프장 운영업,,,,
우진관광여행사,우진관광여행사,중소기업,충남 홍성군,여행사업,,,,
세우실업,세운실업,중소기업,서울 마포구,"생활용 포장 및 위생용품, 봉투 및 유사 제품 도매업",,,,
대용건설,대용건설㈜,중소기업,대전 유성구,콘크리트 및 철근 공사업,,,,
늘푸른영농조합법인,늘푸른양돈영농조합법인,중소기업,전남 나주시,하수 처리업,,,,
기원무역,㈜기원무역,중소기업,서울 광진구,섬유·의류·패션,,,,
현대테크,HD현대마린솔루션테크㈜,대기업,부산 해운대구,기타 엔지니어링 서비스업,,,,
현대테크,㈜현대테크,중소기업,인천 서구,전기·전자·제어,,,,
현대테크,㈜현대이미지테크,중소기업,경기 남양주시,컨설팅·연구·조사,,,,
현대테크,현대테크,중소기업,경북 경주시,물류·운송·배송,,,,
현대테크,㈜현대테크,중소기업,대구 달서구,그 외 기타 특수목적용 기계 제조업,,,,
현대테크,㈜현대테크안산지점,중소기업,경기 안산시,전기·전자·제어,,,,
현대테크,현대그린테크㈜,중소기업,서울 성동구,전기용 기계.장비 및 관련 기자재 도매업,,,,
현대테크,현대테크,중소기업,대전 중구,농업 및 임업용 기계 제조업,,,,
현대테크,㈜현대테크툴,중소기업,울산 북구,그 외 기타 기계 및 장비 도매업,,,,
광일상사,광일상사,중소기업,대구 북구,백화점·유통·도소매,,,,
에이치피씨랩,㈜에이치피씨랩,중소기업,대전 유성구,컴퓨터 제조업,,,,
지은정보통신,㈜지은정보통신,중소기업,경기 안양시,통신.방송장비 및 부품 도매업,2억원(2024.12.31),707억 3천만원(2024.12.31),서범석,1998.06.18(28년차)
관세법인스카이브릿지,관세법인 스카이브릿지,중소기업,서울특별시 금천구,통관 대리 및 관련서비스업,"4억 7,270만원(2023.12.31)",81억 2천만원(2023.12.31),김종문,2007.12.10(19년차)
관세법인스카이브릿지,관세법인 스카이브릿지,중소기업,부산 중구,무역·상사,-,-,김태원,2007.12.10(19년차)
그린신유통,그린유통㈜,중소기업,대전 유성구,그 외 기타 생활용품 도매업,20억원(2024.12.31),117억 1천만원(2024.12.31),박상덕,2005.03.01(21년차)
그린신유통,그린유통,중소기업,인천 부평구,백화점·유통·도소매,-,-,박정교,2002(24년차)
그린신유통,그린축산유통,중소기업,서울 성동구,백화점·유통·도소매,-,-,남상식,-
그린신유통,그린유통,중소기업,전북 전주시,그 외 기타 생활용품 도매업,"1,700만원(2022.12.31)",14억 2천만원(2022.12.31),김영남,2018.03.20(8년차)
그린신유통,㈜빛그린유통,중소기업,전남 순천시,기타 가공식품 도매업,3억원(2024.12.31),46억 1천만원(2024.12.31),김영재,2012.04.12(14년차)
그린신유통,샘그린유통,중소기업,서울 동대문구,"산업용 농.축산물, 섬유 원료 및 동물 중개업",1억원(2023.12.31),34억 6천만원(2023.12.31),설정숙,2019.05.01(7년차)
그린신유통,풀그린유통,중소기업,경북 칠곡군,슈퍼마켓,11억 2천만원(2023.12.31),37억 7천만원(2023.12.31),손인춘,2023.04.02(3년차)
그린신유통,유)그린종합유통,중소기업,광주 북구,"신선, 냉동 및 기타 수산물 도매업",1억원(2024.06.30),69억 5천만원(2024.06.30),백일선,2013.08.13(13년차)
그린신유통,대정그린유통㈜,중소기업,서울 송파구,과실류 도매업,-,-,김용화,2000.08.23(26년차)
그린신유통,㈜민목그린유통,중소기업,서울 송파구,"채소류, 서류 및 향신작물류 도매업","5,000만원(2018.12.31)",40억 5천만원(2018.12.31),이민구,2010.03.01(16년차)
일진제강,일진제강㈜,중견기업,서울 마포구,금속·재료·자재,-,3868억,심규승,1982.05.12(44년차)
일진제강,일진제강(주),중견기업,전북 임실군,강관 제조업,108억 8천만원(2024.12.31),"2,298억 8천만원(2024.12.31)",심규승,1982.06.01(44년차)
대운종합건설,대운종합건설㈜,중소기업,전남 해남군,지반조성 건설업,14억원(2024.12.31),40억 5천만원(2024.12.31),이승민/정광준,1996.08.23(30년차)
대운종합건설,㈜대운종합건설,중소기업,울산 울주군,기타 토목시설물 건설업,15억원(2014.12.31),22억 5백만원(2014.12.31),고진호,1995.07.15(31년차)
대운종합건설,대운종합건설㈜,중소기업,부산 사하구,토공사업,1억원(2020.12.31),"1억 7,153만원(2020.12.31)",김미정,2005.07.22(21년차)
대운종합건설,대운종합건설㈜,중소기업,경기 김포시,기타 비주거용 건물 건설업,5억원(2024.12.31),32억 3백만원(2024.12.31),김한준,2014.04.29(12년차)
제이케이인스퍼레이션,제이케이인스퍼레이션,벤처기업,서울 용산구,생활용품·소비재·기타,,,유지송,2014.08.20(12년차)
신성컨트롤,신성컨트롤㈜,중소기업,충남 천안시,금속·재료·자재,37억 5천만원,200억 6천,"조성환,조규현",2001(25년차)
신성컨트롤,신성컨트롤,중소기업,부산 강서구,기계·기계설비,4억원,39억,오상훈,1992.02.01(34년차)
케이와이에너지,㈜자연에너지명품주유소,중소기업,경기 부천시,운송장비용 주유소 운영업,1억원(2024.12.31),"1,649억 5천만원(2024.12.31)",김동성,2017.05.01(9년차)
효성산전,㈜효성산전,중소기업,경남 창원시,전기용 기계.장비 및 관련 기자재 도매업,3억원(2024.12.31),147억 8천만원(2024.12.31),진태옥,2011.10.11(15년차)
구스베,㈜구스베,중소기업,경기 남양주시,식품가공,,,조세환,2001.07.01(25년차)
구스베,㈜구스베이,중소기업,서울 마포구,전자상거래 소매업,1억원(2023.12.31),23억 6천만원(2023.12.31),강영구,2018.08.01(8년차)
자연과사람들,㈜자연과사람들,중견기업,전남 담양군,기타 비알코올 음료 제조업,44억원(2024.12.31),687억 9천만원(2024.12.31),정성수/정연호,2001.11.01(25년차)
자연과사람들,㈜자연과사람,중소기업,부산 사하구,그 외 기타 분류 안된 사업지원 서비스업,"1,000만원(2022.12.31)",10억 9천만원(2022.12.31),배경열,2018.10.12(8년차)
자연과사람들,㈜자연과사람,중소기업,강원 원주시,화학·에너지·환경,1억원,1만원,"오영환,천재룡",2006.07.01(20년차)
자연과사람들,자연과사람,중소기업,충북 증평군,"채소류, 서류 및 향신작물류 도매업","1,000만원(2024.12.31)",49억 4천만원(2024.12.31),유정현,2010.09.08(16년차)
자연과사람들,자연은사람을,중소기업,광주 서구,과실류 도매업,"2,000만원(2021.12.31)",24억 5천만원(2021.12.31),김창수,2014.03.01(12년차)
자연과사람들,자연과사람㈜,중소기업,경기 수원시,수중 공사업,2억 100만원,10억,노병화,2016.01.18(10년차)
자연과사람들,㈜자연과사람들,중소기업,서울 강동구,그 외 기타 상품 전문 도매업,"1,000만원(2019.12.31)",17억 7천만원(2019.12.31),팽지영,2016.07.04(10년차)
자연과사람들,사람과자연㈜,중소기업,서울특별시 성동구,그 외 기타 달리 분류되지 않은 제품 제조업,-,-,김명복,-
자연과사람들,사람과자연그룹,중소기업,경기 용인시,그 외 기타 분류 안된 섬유제품 제조업,-,-,이기원/이윤재,2014.03.18(12년차)
자연과사람들,주)자연과사람,중소기업,경기 수원시,부동산 중개 및 대리업,"2,000만원(2020.12.31)","3억 7,906만원(2020.12.31)",이도현,2012.07.18(14년차)
세인메덱스,㈜세인 메덱스,중소기업,경기 하남시,제약·보건·바이오,4억원,40억,최근욱,2000.01.01(26년차)
건우기술,㈜건우기술,중소기업,서울 구로구,건물 및 토목 엔지니어링 서비스업,"3억 5,000만원(2022.12.31)",17억 2천만원(2022.12.31),양영태,2009.07.13(17년차)
건우기술,㈜건우기술단,중소기업,강원 강릉시,건물 및 토목 엔지니어링 서비스업,3억원(2024.12.31),12억 5천만원(2024.12.31),윤형석,2014.09.01(12년차)
건우기술,㈜건우텍기술,중소기업,경기 화성시,기계·기계설비,-,-,김은옥,-
더부쓰,㈜더부쓰,중소기업,경기 김포시,경영 컨설팅업,10억 1천만원(2024.12.31),"3억 2,416만원(2024.12.31)",김희윤,2013.03.28(13년차)
더부쓰,더부쓰광교앨리웨이,중소기업,경기 수원시,음식료·외식·프랜차이즈,-,-,김희윤,2019.06.07(7년차)
케이티엘,㈜케이티,대기업,경기 성남시,무선 및 위성 통신업,"1조 5,644억원(2024.12.31)",18조 5천억원(2024.12.31),김영섭,1981.12.10(45년차)
케이티엘,㈜케이티아이에스,대기업 계열사·자회사,서울 영등포구,네트워크·통신서비스,147억원,6천3십억,이선주,2001.06.27(25년차)
케이티엘,㈜케이티씨에스,대기업,대전 서구,네트워크·통신서비스,238억원,4380억,박경원,2001(25년차)
케이티엘,케이티텔레캅㈜,대기업,서울 구로구,경비 및 경호 서비스업,596억 4천만원(2024.12.31),"5,316억 7천만원(2024.12.31)",장지호,2006.11.17(20년차)
케이티엘,(주)케이티앤지,대기업,대전 대덕구,담배 제조업,"9,549억 5천만원(2024.12.31)","3조 7,045억원(2024.12.31)",방경만,1987.04.01(39년차)
케이티엘,㈜케이티지니뮤직,대기업,서울 강남구,포털 및 기타 인터넷 정보매개 서비스업,290억 5천만원(2024.12.31),"2,293억 3천만원(2024.12.31)",서인욱,1991.02.07(35년차)
케이티엘,㈜KT DS,대기업 계열사·자회사,서울 서초구,컴퓨터시스템 통합 자문 및 구축 서비스업,132억원,7273억,이상국,2008.08.01(18년차)
케이티엘,㈜케이티나스미디어,대기업,서울 강남구,광고 대행업,,,,
케이티엘,㈜케이티알파,대기업,서울 동작구,포털·컨텐츠·커뮤니티,357억 1천만원,"2,789억",박승표,1991.12.12(35년차)
케이티엘,㈜케이티에스테이트,대기업,서울 강남구,비주거용 건물 개발 및 공급업,792억 4천만원(2024.12.31),"6,095억 6천만원(2024.12.31)",김승환,2010.08.02(16년차)
루아이앤씨,㈜루아이앤씨,중소기업,서울 강동구,건축·설비·환경,-,-,"조득선, 이동우",-
명인축산,명인축산㈜,중소기업,경기 안산시,육류 포장육 및 냉동육 가공업 (가금류 제외),-,-,정대성,-
제이앤아이,제이앤아이글로벌,중소기업,서울 강남구,광고·홍보·전시,,,김계환,2011.07.20(15년차)
제이앤아이,제이앤아이,중소기업,경기 화성시,합성수지 및 기타 플라스틱 물질 제조업,"2억 3,000만원(2024.12.31)","9억 3,693만원(2024.12.31)",이금철,2017.03.01(9년차)
제이앤아이,제이앤아이,중소기업,경기 안양시,백화점·유통·도소매,-,-,이규필,2013.12.27(13년차)
제이앤아이,㈜제이앤아이솔루션,중소기업,충남 아산시,그 외 자동차용 신품 부품 제조업,-,-,이종현,2020.06.26(6년차)
제이앤아이,㈜제이앤아이트레이딩,중소기업,서울 송파구,상품 종합 도매업,-,-,최정열,2020.08.06(6년차)
제이앤아이,제이앤아이워터,중소기업,충남 아산시,화학·에너지·환경,-,-,임재완,-
제이앤아이,제이앤아이(J&I),중소기업,경기 시흥시,기계·기계설비,-,-,김정수,-
제이앤아이,㈜제이앤아이투자,중소기업,서울 강남구,투자 자문업 및 투자 일임업,6억원(2023.12.31),"1억 1,488만원(2023.12.31)",이준섭,2021.03.10(5년차)
밀리언키,㈜밀리언키,중소기업,서울 강남구,비주거용 건물 개발 및 공급업,,,김지용,2010.07.23(16년차)
비에스월드,월드비에스건설㈜,중소기업,서울 금천구,기타 토목시설물 건설업,5억원,-,최병순,2016.07.06(10년차)
비에스월드,비에스월드,중소기업,서울특별시 종로구,합성섬유 제조업,-,-,임봉순,1996.03.30(30년차)
오씸코리아,㈜오씸코리아,중소기업,서울 영등포구,백화점·유통·도소매,-,-,최호근해리슨,2004.03.24(22년차)
동아전기,동아전기부품㈜,중소기업,경기 화성시,그 외 자동차용 신품 부품 제조업,5억원(2024.12.31),"1,340억 5천만원(2024.12.31)",이우용/이호일,1989.12.01(37년차)
동아전기,동아전기부품㈜,중소기업,경기 화성시,전기·전자·제어,-,800억,이우용,1989.12.01(37년차)
동아전기,동아전기㈜,중소기업,경기 김포시,변압기 제조업,10억 2천만원(2024.12.31),170억 4백만원(2024.12.31),신상균,1996.02.10(30년차)
동아전기,㈜동아중전기,중소기업,경남 창원시,내부 전기배선 공사업,"3억 1,000만원(2024.12.31)",35억 5백만원(2024.12.31),류한열,1996.11.08(30년차)
동아전기,동아전기조명㈜,중소기업,경기 화성시,전기용 기계.장비 및 관련 기자재 도매업,"5,000만원(2022.12.31)",28억 1백만원(2022.12.31),신대성,2015.10.16(11년차)
동아전기,동아전기공사,중소기업,경기 평택시,일반전기 공사업,"1억 8,000만원(2022.12.31)",23억 9천만원(2022.12.31),이정숙,2018.03.20(8년차)
동아전기,동아전기조명,중소기업,경기 양주시,전지 및 케이블 도매업,-,-,하지훈,2006.01.10(20년차)
시몬느액세서리컬렉션,㈜시몬느액세서리컬렉션,중견기업,경기 의왕시,핸드백 및 지갑 제조업,159억 1백만원(2024.12.31),"6,278억 4백만원(2024.12.31)",박은관,2015.06.01(11년차)
지보,㈜한국토지보상원,중소기업,경북 경산시,기타 사무지원 서비스업,"5,000만원(2022.12.31)",20억원,박준휘,2022.07.13(4년차)
지보,대한토지보상원,중소기업,대구 달서구,컨설팅·연구·조사,-,-,정재형,-
지보,지보단코리아㈜,외국계(외국 법인기타),서울시 서초구,무역·상사,-,-,강현구,1994.05.01(32년차)
춘천에너지,춘천에너지,중견기업,강원 춘천시,기타 발전업,"1,762억 5천만원(2024.12.31)","4,306억 1천만원(2024.12.31)",이수현,2013.12.03(13년차)
춘천에너지,중앙에너지산업중앙지점춘천중앙,중소기업,강원 춘천시,기체연료 및 관련제품 도매업,3억원(2024.12.31),160억 6천만원(2024.12.31),정재시,2003.12.31(23년차)
정원건설,㈜정원건설,중소기업,경기 고양시,건설·시공·토목·조경,"7억 1,000만원",53억5380만원,김혜영,2009(17년차)
정원건설,정원종합건설㈜,중소기업,서울 서초구,사무.상업용 및 공공기관용 건물 건설업,22억 5백만원(2023.12.31),60억 4천만원(2023.12.31),현정원,1992.09.24(34년차)
정원건설,㈜정원건설,중소기업,경기 수원시,시설물 유지관리 공사업,"4억 2,000만원(2014.12.31)","8억 7,053만원(2014.12.31)",김보경/김유희,1986.07.10(40년차)
정원건설,정원건설,중소기업,경기도 부천시,기타 건물 관련설비 설치 공사업,"5억 1,000만원(2023.12.31)",33억 8천만원(2023.12.31),유승대,2012.12.07(14년차)
정원건설,정원종합건설,중소기업,제주 제주시,건물 건설업,"5억 5,000만원(2024.12.31)",402억 2천만원(2024.12.31),김은희,2010.11.04(16년차)
정원건설,㈜정원산업건설,중소기업,인천 서구,건설·시공·토목·조경,-,13억7천,김수한,2020.01.29(6년차)
정원건설,㈜정원종합건설,중소기업,경기 시흥시,그 외 기타 건축 마무리 공사업,5억원(2024.12.31),28억 4천만원(2024.12.31),이승국,2019.03.22(7년차)
정원건설,㈜정원종합건설,중소기업,부산 수영구,건물 건설업,5억원(2022.12.31),30억 3천만원(2022.12.31),박재용,2010.12.20(16년차)
정원건설,㈜정원주택건설,중소기업,경기 고양시,기타 토목시설물 건설업,-,-,송정섭,-
코레이트자산운용,코레이트자산운용㈜,중소기업,서울 강남구,신탁업 및 집합투자업,359억 2천만원(2024.12.31),104억 8천만원(2024.12.31),송태종,1988.04.25(38년차)
셀로스바이오텍,셀로스바이오텍,중소기업,서울 서대문구,완제 의약품 제조업,-,-,배윤수,2018.10.18(8년차)
세일산업개발,세일산업개발㈜,중소기업,서울 마포구,건설·시공·토목·조경,15억 5백만원,196억2천만,윤동욱,2000.12.28(26년차)
에코조인,㈜에코조인,중소기업,경기 안성시,기타 1차 비철금속 제조업,17억 3천만원(2022.12.31),68억 8천만원(2022.12.31),고명완,2001.09.25(25년차)
천하제일,농업회사법인㈜천하제일한우,중소기업,경북 고령군,가금류 가공 및 저장 처리업,"3억 8,200만원(2024.12.31)",274억 1천만원(2024.12.31),김현수/우은영,2019.05.25(7년차)
천하제일,천하제일,개인,대구 수성구,그 외 기타 분류 안된 개인 서비스업,-,-,이지영,-
천하제일,천하제일루체 1302,중소기업,서울 강남구,솔루션·SI·CRM·ERP,-,-,고은희,2021.04.06(5년차)
무주덕유산리조트,무주덕유산리조트,중소기업,전북 무주군,스포츠·여가·레저,-,-,이종혁,1990.12.01(36년차)
금아금속,㈜금아금속,중소기업,경남 창원시,그 외 기타 전자부품 제조업,"2억 5,000만원(2024.12.31)",627억 6천만원(2024.12.31),서경희,1998.04.15(28년차)
금아금속,금아금속,중소기업,울산 중구,금속·재료·자재,-,-,배정열,1992.05.16(34년차)
안셀코리아,안셀코리아㈜,중소기업,전북 장수군,섬유·의류·패션,15억 9천만원(2020.06.30),20억 7천만원(2020.06.30),키샤구오,1998.08.20(28년차)
화성엔지니어링,㈜화성엔지니어링,중소기업,부산 금정구,측량업,8억원(2020.12.31),34억 7천만원(2020.12.31),백종숙/서진호,2002.09.06(24년차)
화성엔지니어링,화성엔지니어링,중소기업,경기 시흥시,기계·기계설비,-,-,류시훈,-
화성엔지니어링,화성엔지니어링,중소기업,경기 김포시,자동차용 신품 조향장치 및 현가 장치 제조업,-,-,조규현,1995.04.01(31년차)
씨앤에스국제물류센터,LG CNS,대기업,서울 영등포구,컴퓨터시스템 통합 자문 및 구축 서비스업,471억 9천만원(2024.12.31),"5조 4,075억원(2024.12.31)",현신균,1987.01.14(39년차)
씨앤에스국제물류센터,(주)에스씨케이컴퍼니,대기업 계열사·자회사,서울 중구,음식료·외식·프랜차이즈,200억원(2024.12.31),1조 40억원,이석구,1999.07.27(27년차)
씨앤에스국제물류센터,㈜아이패밀리SC,중소기업,서울 송파구,생활화학·화장품,43억원4십만원,1486억,"김태욱,김성현",2000.02.29(26년차)
씨앤에스국제물류센터,㈜씨에스원파트너,대기업 계열사·자회사,서울 금천구,네트워크·통신서비스,2억원(2024.12.31),994억 6천만원(2024.12.31),이금자,2008.09.01(18년차)
씨앤에스국제물류센터,㈜씨에스리더,대기업,서울 강남구,콜센터 및 텔레마케팅 서비스업,,,,
씨앤에스국제물류센터,대성씨앤에스,중견기업,서울특별시 금천구,"치약, 비누 및 기타 세제 제조업",75억원(2024.12.31),314억 2천만원(2024.12.31),강성윤/김영대,1989.09.27(37년차)
씨앤에스국제물류센터,서진씨엔에스(주),벤처기업,충북 청주시,솔루션·SI·CRM·ERP,-,-,김재영,2000(26년차)
씨앤에스국제물류센터,한국씨엔에스㈜,중소기업,경기 용인시,기계·기계설비,-,200억,김태영,1998.09.30(28년차)
씨앤에스국제물류센터,씨에스케이㈜  (CSK Inc. ),외국계(외국 법인기타),경기 용인시,반도체·디스플레이·광학,12억 7천만원,2000억,YUN JASON JAEHONG(윤재홍),1997.07.01(29년차)
씨앤에스국제물류센터,에스씨케이㈜,중소기업,서울 성동구,상용 인력 공급 및 인사관리 서비스업,5억원(2024.12.31),595억 2백만원(2024.12.31),이남수,2004.04.01(22년차)
엠씨네,㈜엠씨넥스,중견기업,인천 연수구,비디오 및 기타 영상기기 제조업,89억 8천만원(2024.12.31),"7,797억 7천만원(2024.12.31)",민동욱,2004.12.22(22년차)
엠씨네,㈜더에스엠씨홀딩스,중소기업,서울 강남구,광고·홍보·전시,,,,
엠씨네,㈜포스코엠씨머티리얼즈,대기업,전남 광양시,코크스 및 관련제품 제조업,"1,928억원(2024.12.31)","2,263억 7천만원(2024.12.31)",서영현,2012.11.05(14년차)
엠씨네,엘브이엠씨홀딩스 연락사무소,중견기업,서울 서초구,자동차·조선·철강·항공,-,6천 억,오경화,1997(29년차)
엠씨네,제이티엠씨엠건축사사무소,중소기업,서울 강남구,건축설계 및 관련 서비스업,-,-,김진윤,2020.03.06(6년차)
엠씨네,엠이엠씨코리아㈜,외국계(외국 투자기업),충남 천안시,반도체·디스플레이·광학,"1,260억원",3531억,조찬래,1990.12.18(36년차)
엠씨네,㈜삼육오엠씨,중소기업,서울 서초구,제약·보건·바이오,20억원(2024.12.31),180억 6천만원(2024.12.31),김남철,2006(20년차)
엠씨네,㈜큐엠씨,벤처기업,경기도 안양시,반도체·디스플레이·광학,"5억 9,023만원",150억,유병소,2003.07.01(23년차)
엠씨네,에이치엘엠씨,중소기업,서울 중구,화장품 및 화장용품 도매업,30억원(2024.12.31),318억 4천만원(2024.12.31),신상철,2008.07.01(18년차)
엠씨네,㈜프리엠씨,중소기업,서울 마포구,백화점·유통·도소매,1억원,60억,전용,2012.05.07(14년차)
라훔나노테크,㈜라훔나노테크,벤처기업,경북 경산시,전기·전자·제어,"3억 9,138만원",,이명훈,2018.07.02(8년차)
아이쿼드,㈜아이쿼드,중소기업,경기 하남시,컴퓨터·하드웨어·장비,,,김영태,2001.08.01(25년차)
도시공영,도시공영디앤씨,중소기업,경기 화성시,부동산 중개 및 대리업,"5,000만원(2017.12.31)",17억 9천만원(2017.12.31),윤윤주,2003.05.01(23년차)
종합건축사사무소예시건,㈜종합건축사사무소 예시건,중소기업,서울 강남구,건물 및 토목 엔지니어링 서비스업,3억원(2024.12.31),42억 1천만원(2024.12.31),허경원,2003.05.17(23년차)
디에스이테크,디에스이테크㈜,중소기업,경기 용인시,반도체 제조용 기계 제조업,2억원(2024.12.31),160억 9천만원(2024.12.31),심광현,2015.03.01(11년차)
신송식품,신송식품㈜,중소기업,서울 영등포구,장류 제조업,40억원(2024.12.31),664억 1천만원(2024.12.31),신유식/조승우/조승현,2009.08.01(17년차)
신송식품,신송식품㈜ 천안공장,중소기업,충남 천안시,식품가공,-,-,"신유식,조승현",-
한국재난연구원,(재)한국재난연구원,중소기업,서울 금천구,건설·시공·토목·조경,5억원,-,윤영조,1995.12.22(31년차)
현디자인,㈜현디자인,중소기업,서울 송파구,조경 건설업,5억 500만원(2024.12.31),174억 7천만원(2024.12.31),양경복,1998.10.01(28년차)
현디자인,㈜현앤디자인,중소기업,서울 강북구,건축·설비·환경,2억원(2023.12.31),100억,김철웅,2005(21년차)
현디자인,㈜디자인현,중소기업,서울 마포구,디자인·CAD,2억원,30억,강석찬,2013.10.01(13년차)
현디자인,현디자인,중소기업,부산 해운대구,출판·인쇄·사진,-,-,박현진,-
현디자인,디자인현,중소기업,광주 동구,"패션, 섬유류 및 기타 전문 디자인업","5,000만원(2022.12.31)","5억 5,669만원(2022.12.31)",강동현,2018.10.25(8년차)
현디자인,㈜현디자인,중소기업,경기 고양시,인테리어·자재,-,-,김재영,-
현디자인,현디자인,중소기업,경남 창원시,건설·시공·토목·조경,-,-,안은성,-
현디자인,㈜현디자인건설,중소기업,경기 안양시,그 외 기타 건축 마무리 공사업,"5억 2,500만원(2024.12.31)",12억 7천만원(2024.12.31),류현수/박정옥,2010.03.01(16년차)
현디자인,㈜현스 디자인,중소기업,서울 송파구,"도배, 실내장식 및 내장 목공사업",-,-,백현종,2022.06.22(4년차)
현디자인,㈜현1211디자인,중소기업,서울 강동구,"도배, 실내장식 및 내장 목공사업","1,000만원",19억5천만,장인규,2012.09.11(14년차)
블루윙스,㈜블루윙스,중소기업,경기 하남시,응용 소프트웨어 개발 및 공급업,,,,
스몰머신즈,㈜스몰머신즈,벤처기업,서울 송파구,제약·보건·바이오,,,,
우림이앤씨,주식회사우림이앤씨,중소기업,부산 강서구,내부 통신배선 공사업,,,,
재영이앤지,재영이앤지,중소기업,서울 양천구,도장 공사업,,,,
재영이앤지,영앤진세무법인 강서지점,중소기업,서울 강서구,회계·세무·법무,,,,
재영이앤지,영앤진세무법인 청담지점,중소기업,서울 강남구,회계·세무·법무,-,-,고기찬,-
홈텍코리아,㈜홈텍코리아,중소기업,경기 안산시,"미장, 타일 및 방수 공사업",,,,
홈텍코리아,홈텍코리아,중소기업,경기 파주시,주방용 전기기기 제조업,,,,
용화전기통신,(주)용화전기통신,중소기업,경기 안양시,일반전기 공사업,,,,
글로위드,㈜글로위드,중소기업,경기 하남시,전기경보 및 신호장치 제조업,,,,
약봉영농조합법인,약봉영농조합법인,중소기업,경기 하남시,곡물 및 기타 식량작물 재배업,,,,
중앙이피씨,중앙피엔피,중소기업,인천 남동구,도금업,,,,
중앙이피씨,㈜중앙피앤씨,중소기업,서울 중구,기타 인쇄물 출판업,,,,
중앙이피씨,중앙피앤에이,중소기업,경기 안산시,그 외 기타 플라스틱 제품 제조업,,,,
도개정미소영농조합법인,도개정미소영농조합법인,중소기업,경북 구미시,식품가공,,,,
미래이엔지,㈜미래이엔지,중소기업,대구 달성군,자동차·조선·철강·항공,,,,
미래이엔지,㈜미래이엔지,중소기업,경기 시흥시,배전반 및 전기 자동제어반 제조업,,,,
미래이엔지,미래이엔지,중소기업,세종 조치원읍,전기용 기계.장비 및 관련 기자재 도매업,,,,
미래이엔지,㈜미래이엔지,중소기업,인천 미추홀구,생활용품·소비재·기타,,,,
미래이엔지,미래이엔지,중소기업,경북 구미시,건설·시공·토목·조경,-,-,박상민,2023.03.15(3년차)
미래이엔지,미래이엔지산업,중소기업,경기 평택시,배관 및 냉ㆍ난방 공사업,"1,000만원(2021.12.31)","3억 5,141만원(2021.12.31)",차인영,2020.09.22(6년차)
미래이엔지,미래ENG,중소기업,서울 강서구,그 외 기타 개인 및 가정용품 수리업,915만원(2020.12.31),"7억 1,261만원(2020.12.31)",이정선,2014.07.01(12년차)
미래이엔지,미래ENG,중소기업,울산 동구,정비·A/S·카센터,-,-,강재식,-
동일테크,동일테크,중소기업,경기 안양시,기계·기계설비,10억원,20억,노준석,2010.05.01(16년차)
동일테크,㈜동일테크롤,중소기업,서울 동대문구,플라스틱 접착처리 제품 제조업,-,-,최동기,1990.03.04(36년차)
동일테크,㈜동일테크,중소기업,경기 김포시,자전거 및 환자용 차량 제조업,"4억 5,000만원(2023.12.31)",16억 5천만원(2023.12.31),허광길,2013.07.16(13년차)
동일테크,동일바이오테크,중소기업,서울 강남구,제약·보건·바이오,"5,000만원",153억3천만,목진성,1998.10.01(28년차)
동일테크,㈜동일콘벨트테크,중소기업,대전 대덕구,기계·기계설비,-,-,김환,2023.01.16(3년차)
동일테크,동일종합테크,중소기업,대구 서구,그 외 기타 기계 및 장비 도매업,"1억 2,134만원(2023.12.31)",11억 2천만원(2023.12.31),황연철,2016.03.07(10년차)
동일테크,동일테크,중소기업,경기 시흥시,기계·기계설비,10억원,18억,안상영,2005.01.09(21년차)
동일테크,동일테크,중소기업,경남 김해시,주형 및 금형 제조업,"5,980만원(2019.12.31)","1억 4,826만원(2019.12.31)",이종규,2005.05.04(21년차)
동일테크,동일테크,중소기업,경북 칠곡군,기타 플라스틱제품 제조업,-,-,양준영,-
의료법인성은의료재단,의료법인 우리의료재단,비영리법인,경기 김포시,종합 병원,318억 6천만원(2024.12.31),"1,608억 3천만원(2024.12.31)",고성백,2012.07.01(14년차)
의료법인성은의료재단,의료법인 성관의료재단,대기업,서울 강남구,의료(병원분류별),-,-,차경섭,1960(66년차)
의료법인성은의료재단,의료법인 이원의료재단,비영리법인,인천 연수구,방사선 진단 및 병리 검사 의원,"3억 2,000만원(2022.12.31)","5,042억 3천만원(2022.12.31)",이덕구,1991.06.01(35년차)
의료법인성은의료재단,의료법인 인성의료재단 한림병원,비영리법인,인천 계양구,종합 병원,57억 2천만원(2024.12.31),"1,197억 4천만원(2024.12.31)",이정희,2000.09.15(26년차)
의료법인성은의료재단,의료법인 서울효천의료재단 에이치플러스 양지병원,중소기업,서울 관악구,제약·보건·바이오,-,-,김철수,1980.06.26(46년차)
의료법인성은의료재단,의료법인영서의료재단,대기업,충남 천안시,제약·보건·바이오,,,,
의료법인성은의료재단,의료법인 나사렛의료재단 나사렛국제병원,비영리법인,인천 연수구,종합 병원,,,,
의료법인성은의료재단,의료법인루가의료재단 나은병원,대기업,인천 서구,제약·보건·바이오,,,,
의료법인성은의료재단,의료법인마리아의료재단,중견기업,서울 동대문구,의료(진료과별),,,,
의료법인성은의료재단,의료법인 토마스의료재단(윌스기념병원),비영리법인,경기 수원시,일반 병원,,,,
하온에프앤에프,㈜하온에프앤에프,중소기업,서울 강남구,천연 및 혼합조제 조미료 제조업,,,,
수산아이앤티,㈜수산아이앤티,중소기업,서울 강남구,솔루션·SI·CRM·ERP,,,,
디아이텍,디아이텍㈜,중소기업,충남 천안시,반도체·디스플레이·광학,,,,
디아이텍,㈜디아이엔텍,중소기업,경기 김포시,전기·전자·제어,,,,
글로벌홀딩스,글로벌홀딩스㈜,중소기업,충북 충주시,호텔업,,,,
글로벌홀딩스,㈜글로벌제이에이치홀딩스,중소기업,서울 강남구,부동산·중개·임대,,,,
글로벌홀딩스,㈜글로벌홀딩스,중소기업,울산 남구,경영 컨설팅업,,,,
글로벌홀딩스,비에스글로벌홀딩스,중소기업,서울 성동구,백화점·유통·도소매,,,,
글로벌홀딩스,더글로벌홀딩스,중소기업,서울 금천구,비주거용 건물 개발 및 공급업,,,,
글로벌홀딩스,㈜팡팡글로벌홀딩스,중소기업,서울 구로구,전자상거래 소매 중개업,,,,
글로벌홀딩스,㈜디에이치글로벌홀딩스그룹,중소기업,서울 서초구,증권·보험·카드,-,-,오**,-
화인산업,화인산업㈜,중소기업,경기 안산시,금속·재료·자재,3억원,-,허철,1989.01.01(37년차)
화인산업,화인산업㈜,중소기업,인천 남동구,"산업용 오븐, 노 및 노용 버너 제조업",1억원(2024.12.31),17억 3백만원(2024.12.31),이상헌,2002.05.20(24년차)
화인산업,화인산업개발,중소기업,부산 중구,주거용 건물 개발 및 공급업,20억원(2024.12.31),"4억 4,669만원(2024.12.31)",김학수,2006.01.01(20년차)
화인산업,㈜화인산업개발,중소기업,광주 광산구,"도배, 실내장식 및 내장 목공사업",4억원(2024.12.31),19억 7천만원(2024.12.31),송정철,2011.05.13(15년차)
화인산업,화인산업,중소기업,경기 구리시,주형 및 금형 제조업,-,-,강재희,2005.12.05(21년차)
화인산업,화인화학㈜,중소기업,서울 중구,합성수지 및 기타 플라스틱 물질 제조업,97억 4천만원(2024.12.31),206억 1천만원(2024.12.31),유상용,1976.01.05(50년차)
유닉스코리아,유닉스전자,중소기업,서울 용산구,기타 가정용 전기기기 제조업,18억 5천만원(2024.12.31),624억 3천만원(2024.12.31),이충구/이한조,1979.10.01(47년차)
유닉스코리아,앙코르이벤트테크놀로지스사우쓰코리아(유,중소기업,서울 강남구,"전시, 컨벤션 및 행사 대행업",-,-,벤자민유진얼윈/스콧조셉데이비드노드즐,1986(40년차)
유닉스코리아,㈜유닉스뷰티,중소기업,서울 용산구,백화점·유통·도소매,13억 6천만원,-,이한조,2009(17년차)
유닉스코리아,유닉스엔지니어링,중소기업,경기 화성시,산업용 로봇 제조업,1억원(2023.12.31),47억 5천만원(2023.12.31),구춘만,2017.09.22(9년차)
유닉스코리아,유닉스노무법인,중소기업,부산 남구,경영 컨설팅업,1억원(2022.12.31),10억 5백만원(2022.12.31),이기태,2016.07.01(10년차)
유닉스코리아,㈜유닉스,중소기업,부산 사상구,금속 가구 제조업,3억원(2024.12.31),14억 9천만원(2024.12.31),이정민,2003.01.29(23년차)
유닉스코리아,㈜유닉스글로벌,중소기업,서울 강서구,백화점·유통·도소매,"5,000만원(2024.12.31)",.,김충환,2013(13년차)
유닉스코리아,㈜유닉스글로벌,중소기업,부산 해운대구,일반 화물자동차 운송업,-,-,강동완,2011.09.07(15년차)
유닉스코리아,유닉스센서,중소기업,대구 남구,산업처리공정 제어장비 제조업,500만원(2022.12.31),"2억 1,885만원(2022.12.31)",장환석,2019.01.25(7년차)
유닉스코리아,㈜한국유닉스,중소기업,부산 부산진구,응용 소프트웨어 개발 및 공급업,,,,
인천기계,㈜인천기계,중소기업,인천 서구,건물용 기계.장비 설치 공사업,"2억 6,000만원(2024.12.31)",15억 4백만원(2024.12.31),안양원,2020.09.08(6년차)
인천기계,현대건설기계인천판매㈜,중소기업,인천 서구,건설ㆍ광업용 기계 및 장비 도매업,"3,000만원(2021.12.31)",132억 9천만원(2021.12.31),모석민,2018.04.03(8년차)
인천기계,디벨론건설기계인천판매㈜,중소기업,인천 남동구,그 외 기타 분류 안된 사업지원 서비스업,-,-,조정일,2001.08.23(25년차)
인천기계,인천기계공구상사,중소기업,인천 남동구,공작용 기계 및 장비 도매업,-,-,설재옥,1988.01.01(38년차)
인천기계,대한기계설비건설협회 인천시회,비영리단체·교육재단,인천 미추홀구,협회·단체,-,-,이호석,1989.11.25(37년차)
인천기계,신양건설기계(인천크레인),중소기업,인천 미추홀구,건설장비 운영업,-,-,신성하,2014.02.19(12년차)
진성페이퍼,㈜진성페이퍼,중소기업,서울 중구,백화점·유통·도소매,-,-,김철진,2001.09.05(25년차)
진성페이퍼,진성페이퍼,중소기업,대구 동구,"생활용 포장 및 위생용품, 봉투 및 유사 제품 도매업","5억 6,741만원(2023.12.31)",41억 4천만원(2023.12.31),김현식,1998.10.12(28년차)
유니온트리,유니온트리,중소기업,경기 김포시,쇼핑몰·오픈마켓·소셜커머스,9억원,30억,권진욱,2018.03.02(8년차)
유니온트리,㈜유니온트리,중소기업,대구 남구,부동산·중개·임대,-,-,서동명,-
한국대학사회봉사협의회,한국대학사회봉사협의회,비영리법인,서울특별시 중구,기타 전문 서비스업,"1,731만원(2023.12.31)","7억 6,657만원(2023.12.31)",전성용,2022.01.01(4년차)
대한민국재향군인회,대한민국재향군인회,비영리단체·교육재단,서울 서초구,협회·단체,-,-,신상태,1952.02.01(74년차)
지닉스,㈜지닉스,중소기업,인천 서구,전기경보 및 신호장치 제조업,1억원,10억,권혁,2001.06.07(25년차)
지닉스,㈜지닉스,중소기업,전남 순천시,만화 출판업,"2,000만원(2022.12.31)",1억 403만원(2022.12.31),이진희,2020.09.21(6년차)
대창식품,㈜대창식품,중소기업,경기 부천시,식품가공,1억원,70억,권오수,2006(20년차)
삼보아트,삼보아트㈜,중소기업,서울 중구,출판·인쇄·사진,10억원,30억,강용석,1992(34년차)
지엔에스엔지니어링,지엔에스엔지니어링,중소기업,충북 청주시,"기타 기술 시험, 검사 및 분석업","2억 2,500만원(2024.12.31)",47억 3천만원(2024.12.31),박성민,2011.03.04(15년차)
대일화학공업,㈜)대일인터내셔널하스피탈리티그룹,중소기업,인천광역시 연수구,호텔업,47억 1천만원(2024.12.31),297억 8천만원(2024.12.31),박대식,2008.08.14(18년차)
대일화학공업,대일해운,중소기업,경남 통영시,내항 여객 운송업,20억 3천만원(2024.12.31),20억 9천만원(2024.12.31),박대식,2006.10.24(20년차)
에코솔루션,케이지에코솔루션㈜,중견기업,경남 밀양시,차체 및 특장차 제조업,268억 5천만원(2024.12.31),891억 8백만원(2024.12.31),엄기민,1999.10.29(27년차)
에코솔루션,에코솔루션,중소기업,전북 정읍시,바이오 연료 및 혼합물 제조업,,,,
에코솔루션,㈜에코에버솔루션,중소기업,충북 제천시,지정 외 폐기물 처리업,,,,
에코솔루션,유니온에코솔루션㈜,중소기업,경기 안산시,화학·에너지·환경,,,,
에코솔루션,㈜에코앤솔루션,중소기업,서울 강남구,건축·설비·환경,,,,
에코솔루션,에코전기솔루션㈜,중소기업,인천 서구,시설관리·보안·경비,,,,
에코솔루션,블루에코 바이러스 솔루션,중소기업,경기 양주시,무역·상사,,,,
루스디자인,디자인루스,중소기업,서울 강남구,"도배, 실내장식 및 내장 목공사업",,,,
골든벨통상,골든벨통상㈜,중소기업,서울 송파구,백화점·유통·도소매,,,,
비에스지,㈜비에스지,중소기업,경남 창원시,경비 및 경호 서비스업,,,,
비에스지,디어맘스애프앤비(주),중소기업,부산 부산진구,기타 식료품 소매업,,,,
비에스지,쟌슨빌부대찌개정관점,중소기업,부산 기장군,김밥 및 기타 간이 음식점업,,,,
비에스지,㈜비에스지파트너스,중소기업,서울 강남구,솔루션·SI·CRM·ERP,,,,
비에스지,비에스지원,벤처기업,서울 강남구,솔루션·SI·CRM·ERP,,,,
비에스지,(주)비에스지,중소기업,대구 북구,합성수지 및 기타 플라스틱 물질 제조업,,,,
비에스지,㈜비에스지글로벌,중소기업,서울 마포구,상품 종합 도매업,,,,
비에스지,비에스지에이치앤비,중소기업,서울 마포구,화장품 및 화장용품 도매업,,,,
마이다스시스템,마이다스시스템㈜,중소기업,대전 유성구,전기·전자·제어,,,,
마이다스시스템,마이다스푸드시스템,중소기업,경기 이천시,백화점·유통·도소매,,,,
베스트비,SBI인베스트먼트㈜,대기업,서울 강남구,캐피탈·대출,835억 3천만원,263억95백만,"이준효, 소우 에이이치로",1986.11.24(40년차)
베스트비,㈜베스트비,중소기업,경기 파주시,"서적, 잡지 및 기타 인쇄물 도매업","2억 3,000만원(2024.12.31)",38억 2천만원(2024.12.31),김종소,2013.11.30(13년차)
베스트비,㈜베스트비,중소기업,경기 광명시,생활용 유리ㆍ요업ㆍ목재ㆍ금속 제품 및 날붙이 도매업,"5,000만원(2024.12.31)",11억원5십만원(2024.12.31),오재철,2007.04.20(19년차)
베스트비,㈜베스트건축비아이엠엔지니어링,중소기업,서울 강남구,건축·설비·환경,1억원,10억,이순민,2003.06.01(23년차)
베스트비,베스트빈,개인,경기 성남시,커피 전문점,-,-,임미리,-
베스트비,베스트D&B,중소기업,경기 안산시,물류·운송·배송,-,-,고훈희,2020.04.01(6년차)
해인디앤씨,해광이엔씨㈜,중소기업,서울 영등포구,건축·설비·환경,"5억 2,000만원",645억,조인호,1998(28년차)
해인디앤씨,해솔이앤씨㈜,중소기업,경기 군포시,금속·재료·자재,-,-,오주희,2019.05.17(7년차)
해인디앤씨,해솔이엔씨,중소기업,인천 남동구,인테리어·자재,-,-,이하정,2018.01.05(8년차)
이노메디텍,㈜이노메디텍,중소기업,경기 수원시,의학 및 약학 연구개발업,"5,000만원(2023.12.31)",64억 9천만원(2023.12.31),이춘구,1991.01.07(35년차)
이노메디텍,㈜이노메디텍,중소기업,대구 수성구,의료용품 도매업,"5,000만원(2024.12.31)",67억 8천만원(2024.12.31),김기철,2016.10.01(10년차)
도원닷컴,도원닷컴,중소기업,서울 강남구,기타 정보기술 및 컴퓨터운영 관련 서비스업,"6억 3,000만원(2023.12.31)","8억 8,052만원(2023.12.31)",김수천,2000.01.10(26년차)
아피스전자,아피스전자,중소기업,경기 하남시,전기·전자·제어,6억원,54억 1천만,임진하,1988.03.20(38년차)
좋은날지디기획,㈜좋은날지디기획,중소기업,서울 서초구,광고 대행업,,,,
씨포스트,㈜씨포스트,중소기업,서울 강남구,광고·홍보·전시,,,,
씨포스트,㈜포스트이앤씨,중소기업,인천 연수구,유리 및 창호 공사업,,,,
씨포스트,㈜포스트엠앤씨,중소기업,서울특별시 영등포구,가전제품 및 부품 도매업,,,,
대전도시환경산업광산기업,대전도시환경산업광산기업㈜,중소기업,대전 중구,생활용품·소비재·기타,-,-,김용욱,1987(39년차)
다솜인터내셔널,다솜인터내셔널,중소기업,서울 영등포구,기타 가공식품 도매업,,,,
도기파크,도기파크,중소기업,경기 안성시,물류·운송·배송,,,,
코럴핑크,㈜코럴핑크,중소기업,서울 서초구,음식료·외식·프랜차이즈,,,,
디디고,㈜디디고,대기업 계열사·자회사,서울 서초구,쇼핑몰·오픈마켓·소셜커머스,,,,
농협사료원주배합사료공장,㈜농협사료원주배합사료공장,대기업 계열사·자회사,강원 원주시,농축산·어업·임업,,,,
키담,㈜키스템프,중소기업,서울 중구,임시 및 일용 인력 공급업,,,,
키담,보험키포인트,중소기업,경기 부천시,증권·보험·카드,,,,
키담,이케아코리아 유한회사,외국계(외국 투자기업),경기 광명시,상품 종합 도매업,,,,
키담,㈜키이스트,대기업,서울 강남구,방송 프로그램 제작업,97억 7천만원(2024.12.31),758억 4천만원(2024.12.31),조지훈,1996.10.08(30년차)
키담,㈜키스템프그룹,중견기업,서울 중구,상용 인력 공급 및 인사관리 서비스업,2억원(2024.12.31),551억 8천만원(2024.12.31),이정호,2006.02.01(20년차)
키담,㈜아이디어키,중소기업,서울 송파구,광고·홍보·전시,,,,
키담,㈜한국팩키지,중견기업,서울 강남구,생활용품·소비재·기타,149억원1십만원(2024.12.31),"2,256억원7십만원(2024.12.31)",정진우,1993.11.07(33년차)
키담,키다리식품㈜,중견기업,대전 서구,기타 가공식품 도매업,19억 5백만원(2024.12.31),"2,542억 7천만원(2024.12.31)",이명수,1992.03.11(34년차)
키담,한솔에코패키징㈜,중견기업,강원 횡성군,식품 위생용 종이 상자 및 용기 제조업,19억 3천만원(2024.12.31),402억 9백만원(2024.12.31),박명식,2002.04.01(24년차)
키담,키다리스튜디오,대기업 계열사·자회사,서울 성동구,포털·컨텐츠·커뮤니티,182억 2천만원,"1,191억",허흥범,1987.07.29(39년차)
힐링푸드,농업회사법인㈜힐링푸드,중소기업,경기 하남시,음ㆍ식료품 및 담배 중개업,1억원(2022.12.31),87억 6천만원(2022.12.31),최선영,2013.01.21(13년차)
힐링푸드,㈜힐링푸드빌(동부산점),중소기업,부산 기장군,음식료·외식·프랜차이즈,-,-,김성규,-
힐링푸드,농업회사법인 ㈜가고파힐링푸드,중소기업,경남 창원시,차류 가공업,1억원(2024.12.31),35억 1천만원(2024.12.31),윤금정,2013.07.18(13년차)
순천교통,순천교통,중소기업,전남 순천시,도시 정기 육상 여객 운송업,"6억 4,000만원(2023.12.31)",109억 5천만원(2023.12.31),최창구,1964.03.25(62년차)
디버스,㈜디버스,중소기업,대구 동구,응용 소프트웨어 개발 및 공급업,-,-,이현정,2020.09.18(6년차)
디버스,㈜디버스커,중소기업,서울 서초구,응용 소프트웨어 개발 및 공급업,"4,558만원(2020.12.31)",-,박승호,2014.06.19(12년차)
디버스,㈜푸디버스,중소기업,서울 강남구,무역·상사,2억 800만원,1010억,"강원호, 이호준",2012.04.05(14년차)
디버스,디버스코리아,중소기업,서울 송파구,솔루션·SI·CRM·ERP,-,-,이승한,2017.11.01(9년차)
디버스,㈜디버스컴퍼니,중소기업,서울 강남구,솔루션·SI·CRM·ERP,-,-,이영복,-
디버스,아디버스,중소기업,경기 부천시,광고·홍보·전시,-,-,이영일,-
디버스,㈜디버스랩 (DVERSELAB,중소기업,서울 강남구,데이터베이스 및 온라인정보 제공업,"1,000만원(2024.12.31)",19억 4천만원(2024.12.31),정원준,2022.05.18(4년차)
한독전기산업,한독전기산업㈜,중소기업,서울 동작구,백화점·유통·도소매,,,,
우지막코리아,우지막코리아,중소기업,충북 음성군,전기·전자·제어,,,,
한국콤프에어,한국콤프에어,외국계(외국 투자기업),서울 금천구,기계·기계설비,,,,
에디피아,㈜에디피아,중소기업,경기 남양주시,전기용 기계.장비 및 관련 기자재 도매업,,,,
아이에스테크,㈜아이에스테크,중소기업,전북 군산시,그 외 자동차용 신품 부품 제조업,,,,
아이에스테크,㈜아이에스테크,중소기업,부산 강서구,금속 캔 및 기타 포장용기 제조업,,,,
아이에스테크,에스씨아이테크,중소기업,경기 화성시,컨베이어장치 제조업,,,,
아이에스테크,㈜에스씨아이테크,중소기업,울산 울주군,기계·기계설비,,,,
아이에스테크,아이에스앤로드테크,중소기업,경기 고양시,시스템 소프트웨어 개발 및 공급업,,,,
아이에스테크,㈜아이에스오토,중소기업,경기 안산시,자동차·조선·철강·항공,,,,
아이에스테크,㈜일성안티몬,중소기업,경기 안산시,"기타 비철금속 제련, 정련 및 합금 제조업",,,,
아이에스테크,아이에스테크놀로지㈜,중소기업,인천 연수구,전기·전자·제어,,,,
아이에스테크,㈜아이에스테크놀로지,중소기업,서울 송파구,네트워크·통신서비스,,,,
가온감정평가법인,주식회사가온감정평가법인,중견기업,서울 송파구,부동산 감정평가업,,,,
가온감정평가법인,가온감정평가법인경기북부지사,중견기업,경기 의정부시,부동산·중개·임대,,,,
가온감정평가법인,㈜가온감정평가법인경인지사,중소기업,인천 남동구,부동산·중개·임대,,,,
가온감정평가법인,㈜가온감정평가법인경기동부지사,중견기업,경기 성남시,부동산·중개·임대,,,,
가온감정평가법인,㈜가온감정평가법인충남대전지사,중견기업,충남 천안시,부동산·중개·임대,,,,
가온감정평가법인,㈜가온감정평가법인부산경남지사,중소기업,부산 연제구,컨설팅·연구·조사,,,,
가온감정평가법인,㈜가온감정평가법인광주전남지사,중견기업,광주 동구,컨설팅·연구·조사,,,,
엔이에스,㈜엔이에스,중소기업,경기 안양시,솔루션·SI·CRM·ERP,,,,
엔이에스,㈜대용에스앤씨이,중소기업,경기 이천시,건설·시공·토목·조경,,,,
엔이에스,㈜이룸씨앤에스,중소기업,서울 서초구,경비 및 경호 서비스업,,,,
엔이에스,㈜엔이에스,중소기업,충북 청주시,솔루션·SI·CRM·ERP,,,,
엔이에스,에스앤이㈜,중소기업,광주 북구,상용 인력 공급 및 인사관리 서비스업,,,,
엔이에스,(주)에스엔씨이엔지,중소기업,경기 수원시,콜센터·아웃소싱·기타,,,,
엔이에스,엔이에스㈜,중소기업,경남 김해시,금속·재료·자재,,,,
엔이에스,엔이에스,중소기업,경북 구미시,반도체·디스플레이·광학,,,,
엔이에스,에스엔이,중소기업,부산 해운대구,기타 발전업,,,,
엔이에스,㈜엔이에스,중소기업,경기 이천시,기계·기계설비,,,,
한솔이엔에스,㈜한솔이엔에스,중소기업,경기 안양시,건축·설비·환경,,,,
한솔이엔에스,㈜한솔이엔에스,중소기업,광주 북구,건축설계 및 관련 서비스업,,,,
나무,㈜푸드나무,중견기업,서울 마포구,쇼핑몰·오픈마켓·소셜커머스,,,,
나무,㈜나무가,중견기업,경기 성남시,전기·전자·제어,19억 1천만원,"연결 3,656억원",이동호,2004.02.14(22년차)
나무,㈜나무커뮤니케이션,중견기업,서울 송파구,광고·홍보·전시,,,,
나무,푸른나무재단,비영리단체·교육재단,서울 서초구,협회·단체,10억원(2023.12.31),101억 5천만원(2023.12.31),박길성,1995(31년차)
나무,㈜나무애니메이션,중소기업,서울 금천구,애니메이션 영화 및 비디오물 제작업,"4억 9,149만원(2024.12.31)",32억 7천만원(2024.12.31),조인,2013.12.30(13년차)
나무,나무기술㈜,중소기업,서울 강서구,응용 소프트웨어 개발 및 공급업,34억 6천만원(2024.12.31),444억 2천만원(2024.12.31),정철,2016.03.30(10년차)
나무,나무인터내셔널,중소기업,경기 안양시,무역·상사,1억원,150억,김봉석,2007.04.06(19년차)
나무,한국나무종합병원,중소기업,서울 송파구,임업 관련 서비스업,32억원,55억,이희봉,2001.02.02(25년차)
나무,아이나무,벤처기업,서울 구로구,포털·컨텐츠·커뮤니티,,,박보미,2016.01.22(10년차)
나무,㈜나무경영아카데미,중견기업,서울 종로구,학원·어학원·교육원,626억원,100억 이상,송주호,1973.03.09(53년차)
이엠솔루션,㈜이엠솔루션,벤처기업,경기 수원시,화학·에너지·환경,1억원,32억77백만,박훈민,2016.01.18(10년차)
이엠솔루션,엠앤이솔루션㈜,중소기업,경기 화성시,기타 반도체소자 제조업,"3억 9,000만원(2021.12.31)",224억 1천만원(2021.12.31),김만호,2016.11.25(10년차)
이엠솔루션,㈜이엠테크솔루션,중소기업,경기 하남시,컴퓨터·하드웨어·장비,-,-,정부원,-
이엠솔루션,이앤엠솔루션,중소기업,경기 안산시,쇼핑몰·오픈마켓·소셜커머스,-,-,김은미,2019.11.25(7년차)
이엠솔루션,이앤엠솔루션,중소기업,서울 중구,그 외 기타 건축자재 도매업,-,-,김복희,2013.12.02(13년차)
이엠솔루션,㈜엠앤지솔루션,중소기업,경기 고양시,기타 주변기기 제조업,"5,000만원(2024.12.31)",17억 5천만원(2024.12.31),윤여완,2021.06.01(5년차)
이엠솔루션,이엠솔루션,중소기업,경남 창원시,응용 소프트웨어 개발 및 공급업,1억 210만원(2022.12.31),28억 4백만원(2022.12.31),노상만,2017.05.17(9년차)
이엠솔루션,이엠오토솔루션,중소기업,서울 강서구,전자상거래 소매 중개업,-,-,문주영,2015.09.01(11년차)
셀러스,㈜셀러스마켓,중소기업,경기 남양주시,"신선, 냉동 및 기타 수산물 도매업","1,000만원(2023.12.31)",17억 2천만원(2023.12.31),신재훈,2010.06.01(16년차)
라인테크놀로지,㈜라인테크놀로지,중소기업,서울 영등포구,일반 통신 공사업,"4억 5,000만원(2024.12.31)",103억 2천만원(2024.12.31),유현식,2011.01.11(15년차)
라인테크놀로지,라인테크놀러지㈜,중소기업,경기도 안산시,에너지 저장장치 제조업,3억원(2024.12.31),87억 8천만원(2024.12.31),예범수,2019.01.22(7년차)
라인테크놀로지,라인 인베스트먼트 테크놀로지 코퍼레이션,중소기업,경기 성남시,기타 전문 서비스업,-,37억 3백만원(2024.03.31),송소연,2021.11.01(5년차)
삼우엠씨피,삼우엠씨피,중소기업,부산 강서구,선박 구성 부분품 제조업,30억원(2024.12.31),354억 3천만원(2024.12.31),정홍재,1989.11.01(37년차)
대호엠앤에스,㈜대호 엠앤에스,중소기업,경남 김해시,무역·상사,2억원,10억5천만,한대호,1999.08.01(27년차)
자연담,자연담아,중소기업,경기 김포시,농축산·어업·임업,-,-,두민욱,2022.03.01(4년차)
자연담,㈜자연담은공간,중소기업,서울 구로구,출판·인쇄·사진,,,오영신,2006.05.01(20년차)
자연담,자연담은한의원,중소기업,서울 서초구,한의원,"1억 2,209만원(2023.12.31)","2억 4,433만원(2023.12.31)",조광호,2005.11.01(21년차)
자연담,자연담은,중소기업,전남 여수시,전자상거래 소매 중개업,-,-,최정희,-
자연담,자연담은공인중개사사무소,중소기업,서울 양천구,부동산·중개·임대,-,-,이나연,-
나눔,나눔누리,대기업,경북 구미시,건축물 일반 청소업,8억원(2024.12.31),255억원9십만원(2024.12.31),박영달,2012.03.15(14년차)
나눔,㈜나눔로또,중견기업,서울 영등포구,컴퓨터시스템 통합 자문 및 구축 서비스업,123억 2천만원(2024.12.31),500억,신현식,2007.07.27(19년차)
나눔,(재)아산나눔재단,비영리법인,서울 강남구,그 외 기타 협회 및 단체,,,엄윤미,2011.10.07(15년차)
나눔,KDB나눔재단,비영리단체·교육재단,서울 영등포구,협회·단체,-,-,강석훈,2007.10.12(19년차)
나눔,㈔한국나눔연맹,비영리법인,대구 서구,그 외 기타 협회 및 단체,"1억 3,236만원(2020.12.31)",146억 9천만원(2020.12.31),안지애,2013.04.10(13년차)
나눔,재단법인 한국나눔장학재단,비영리단체·교육재단,대구 서구,공기업·공공기관,-,-,안미란,2015.12.20(11년차)
나눔,나눔에어컨,중소기업,서울 중랑구,정비·A/S·카센터,-,-,배성철,2011.06.23(15년차)
나눔,(재) 케이티그룹희망나눔재단,비영리단체·교육재단,서울 종로구,광고·홍보·전시,31억 2백만원(2023.12.31),175억 5천만원(2023.12.31),오태성,1990.11.15(36년차)
나눔,나눔씨엔씨,중소기업,서울 종로구,생활용품·소비재·기타,,,고정혁,2003.09.01(23년차)
나눔,프뢰벨행복나누기㈜,중소기업,서울 강남구,"서적, 잡지 및 기타 인쇄물 도매업",1억원(2024.12.31),512억 9천만원(2024.12.31),박근제/배준오,2020.01.06(6년차)
대세산업,대세산업㈜,중소기업,충남 아산시,금속 캔 및 기타 포장용기 제조업,16억원(2024.12.31),498억 7천만원(2024.12.31),황지훈,1979.03.13(47년차)
대세산업,대세산업㈜,중소기업,서울 강남구,건설·시공·토목·조경,5억원,-,황유진,2022.09.15(4년차)
대교대구달서지점,대교대구달서지점,대기업,대구 달서구,학습지·방문교육,-,-,대교,1976.07.09(50년차)
에이앤비테크,에이앤비테크㈜,벤처기업,경기 이천시,솔루션·SI·CRM·ERP,"1억 2,500만원",1만원,조진성,2003(23년차)
동아사이언스,㈜동아사이언스,중견기업,서울 서대문구,출판·인쇄·사진,12억 7천만원(2024.12.31),146억 9천만원(2024.12.31),장경애,2000.08.31(26년차)
엠티브이,비브이엠티㈜,중소기업,서울 종로구,화장품 제조업,"1억 9,689만원(2024.12.31)",16억 6천만원(2024.12.31),이지안,2020.05.15(6년차)
엠티브이,브이엠티㈜,중소기업,부산 해운대구,기타 엔지니어링 서비스업,"5,000만원(2023.12.31)","9억 4,083만원(2023.12.31)",송영욱,2019.09.02(7년차)
엠티브이,씨유 거북섬엠티브이점,중소기업,경기 시흥시,백화점·유통·도소매,-,-,박혁준,-
엠티브이,㈜모렉스 시화엠티브이지점,중소기업,경기 시흥시,자동차·조선·철강·항공,-,-,안부헌,-
천일여객,천일여객㈜,중소기업,부산 사상구,시외버스 운송업,"9억 2,033만원(2024.12.31)",168억 5천만원(2024.12.31),박재상,1976.12.29(50년차)
대덕기술,㈜대덕분석기술연구원,중소기업,대전 유성구,화학·에너지·환경,,,최예림,2009.02.12(17년차)
대덕기술,대덕기술,중소기업,경남 거창군,전기·전자·제어,5억원,92억4천만,이덕기,2006(20년차)
대덕기술,과학기술인공제회부설대덕복지센터,국내 공공기관·공기업,대전 유성구,공기업·공공기관,-,-,배재웅,2005.09.30(21년차)
대덕기술,대덕환경기술산업,중소기업,대전 대덕구,유압기기 제조업,-,-,김영진,2014.10.08(12년차)
유니팩,㈜유니팩코리아,중소기업,서울 금천구,생활화학·화장품,"5억 7,000만원",20억,정병운,2009.07.09(17년차)
유니팩,㈜유니팩,중소기업,대구 수성구,화학·에너지·환경,,,이경택,2016.07.01(10년차)
유니팩,유니팩,중소기업,경기 화성시,그 외 기타 전기장비 제조업,-,-,고현식,-
유니팩,유니팩시스템,벤처기업,인천 서구,기계·기계설비,-,-,권영국,2001.06.25(25년차)
유니팩,유니시티글로벌매뉴팩쳐링 유한회사,중소기업,경기 이천시,건강기능식품 제조업,25억원(2020.12.31),50억 1천만원(2020.12.31),양동엽,2015.07.10(11년차)
유니팩,유니팩,중소기업,경기 화성시,위생용 종이제품 제조업,16억 7천만원(2023.12.31),164억 5천만원(2023.12.31),강윤아,2015.04.15(11년차)
유니팩,유니팩산업,중소기업,인천 미추홀구,생활용품·소비재·기타,-,-,박한솔,2013.01.01(13년차)
유니팩,㈜베스틱,중소기업,울산 북구,그 외 자동차용 신품 부품 제조업,1억원(2024.12.31),13억 6천만원(2024.12.31),이관희,2015.01.12(11년차)
유니팩,㈜유니팩토리,중소기업,서울 서초구,데이터베이스 및 온라인정보 제공업,,,,
유니팩,유니팩토리,중소기업,서울 중구,전자상거래 소매 중개업,,,,
유탑건설,㈜유탑건설,중견기업,광주 서구,주거용 건물 건설업,,,,
유탑건설,㈜유탑엔지니어링,중소기업,전남 화순군,건설·시공·토목·조경,28억 9천만원,547억 2천만원(2024.12.31),손동철/이창희,1989.11.23(37년차)
삼성의료설비,㈜삼성의료설비,중소기업,경기 시흥시,그 외 기타 의료용 기기 제조업,6억원(2023.12.31),52억 1천만원(2023.12.31),성용제,1997.09.03(29년차)
대광오토텍,㈜대광오토텍,중소기업,부산 강서구,자동차·조선·철강·항공,,,,
대광오토텍,㈜대광오토텍,중소기업,경기 화성시,주형 및 금형 제조업,,,,
윤성어패럴,윤성어패럴,중소기업,서울 광진구,편조의복 제조업,,,,
케이비푸드,㈜케이비푸드,중소기업,인천 서구,그 외 기타 식료품 제조업,,,,
케이비푸드,케이비푸드몰,중소기업,경기 광주시,물류·운송·배송,,,,
광명특수인쇄,광명특수인쇄㈜,중소기업,경기 파주시,경 인쇄업,,,,
진성엘엔엘,농협회사법인㈜진성푸드,중소기업,경기 파주시,식품가공,,,,
신성플랜트,㈜신성플랜트,중소기업,경기도 안산시,기계·기계설비,,,,
관세법인커스앤,관세법인커스앤인천공항지사,중소기업,인천 중구,무역·상사,,,,
장안,장안대학교,비영리법인,경기 화성시,기타 교육지원 서비스업,385억 5천만원(2016.02.29),414억 2천만원(2016.02.29),류종규,2001.07.01(25년차)
장안,㈜장안리케이온,중소기업,경기 수원시,그 외 기타 스포츠시설 운영업,"5,000만원(2020.12.31)",30억 6천만원(2020.12.31),이재환,2014.05.21(12년차)
장안,주식회사 디쉐어(에이닷수원장안지점),중소기업,경기 수원시,학원·어학원·교육원,-,500억원,정재민,2011.01.06(15년차)
장안,㈜장안,중소기업,경기 광명시,건설·시공·토목·조경,-,400억 이상,설구호,2005(21년차)
장안,㈜장안,중소기업,경기 수원시,기타 비주거용 건물 건설업,15억원(2018.12.31),111억 7천만원(2018.12.31),홍정욱,1981.06.25(45년차)
장안,장안실업,중소기업,서울 강서구,택시 운송업,"9억 6,000만원(2019.12.31)",40억 6천만원(2019.12.31),정부길/정승윤,1962.03.24(64년차)
장안,㈜h&de장안휴게소,중소기업,부산 기장군,음식료·외식·프랜차이즈,35억원,-,이창봉,1986.10.15(40년차)
장안,장안주류판매㈜,중소기업,경기 수원시,주류 도매업,1억원(2023.12.31),112억 5백만원(2023.12.31),유상원/이재성,1990.05.10(36년차)
장안,㈜장안유업,중소기업,충북 음성군,식품가공,7억원,160억 5천만,박경진,1999.10.27(27년차)
장안,㈜장안어패럴,중소기업,경기 광명시,셔츠 및 블라우스 제조업,"3억 4,507만원(2024.12.31)",136억 2천만원(2024.12.31),신규원,2004.07.01(22년차)
네오엠에스,네오엠에스,중소기업,충북 음성군,전기식 진단 및 요법 기기 제조업,9억원(2024.12.31),74억 7천만원(2024.12.31),김병찬,2008.08.01(18년차)
오푸로구조기술사사무소,오푸로구조기술사사무소,중소기업,서울 광진구,건축·설비·환경,"5,000만원",15억3천만,강우영,2012(14년차)
우림토건,㈜우림토건,중소기업,강원 강릉시,토목시설물 건설업,21억원(2024.12.31),194억 8천만원(2024.12.31),심현석/한상준,1994.09.29(32년차)
우림토건,(주)우림토건,중소기업,대전 유성구,콘크리트 및 철근 공사업,7억원(2024.12.31),"3억 6,318만원(2024.12.31)",이용순,2006.02.15(20년차)
우림토건,㈜우림토건,중소기업,경남 양산시,건설·시공·토목·조경,,,,
우림토건,㈜우림토건,중소기업,인천 계양구,건설·시공·토목·조경,,,,
우림토건,주식회사우림토건,중소기업,경남 김해시,콘크리트 및 철근 공사업,,,,
티에스시스템,㈜티에스시스템,중소기업,대전 서구,콜센터·아웃소싱·기타,,,,
티에스시스템,티에스시스템,중소기업,경기 수원시,경영 컨설팅업,,,,
티에스시스템,티스시스템㈜,중소기업,서울 성북구,생활용품·소비재·기타,,,,
티에스시스템,㈜티에스시스템,중소기업,경기 부천시,"지붕, 내.외벽 축조 관련 전문 공사업",,,,
티에스시스템,티에스시스템즈㈜,중소기업,서울 영등포구,응용 소프트웨어 개발 및 공급업,,,,
티에스시스템,㈜인천티에스시스템,중소기업,인천 부평구,기계·기계설비,,,,
무진,무진전자,중견기업,서울 영등포구,전기용 기계.장비 및 관련 기자재 도매업,,,,
무진,㈜무진,중소기업,서울 서대문구,음식료·외식·프랜차이즈,,,,
무진,㈜무진,중소기업,충남 천안시,김치류 제조업,,,,
무진,무진기획,중소기업,서울 서초구,"광고물 문안, 도안, 설계 등 작성업",,,,
무진,㈜무진,중소기업,경기 화성시,기계·기계설비,,,,
무진,㈜무진오토,중소기업,충청남도 천안시,운송장비용 조명장치 제조업,,,,
무진,(유)무진기업,중소기업,대전 유성구,건축물 일반 청소업,,,,
무진,㈜무진무역,중소기업,경기 남양주시,방직용 섬유 및 실 도매업,,,,
무진,㈜무진상사,중소기업,경기 김포시,산업용 그 외 비경화 고무제품 제조업,,,,
삼원폴리텍,삼원폴리텍㈜,중소기업,충남 천안시,반도체 제조용 기계 제조업,,,,
동양부직포,㈜동양부직포,중소기업,경기 남양주시,직물 도매업,,,,
에스와이종합건설,㈜에스지종합건설,중소기업,경기 김포시,비계 및 형틀 공사업,,,,
에스와이종합건설,에스와이종합건설㈜,중소기업,경기 파주시,토목시설물 건설업,,,,
에스와이종합건설,㈜이에스종합건설,중소기업,서울 강서구,단독 주택 건설업,,,,
에스와이종합건설,이에스종합건설㈜,중소기업,경기 김포시,제조업 및 유사 산업용 건물 건설업,,,,
대보이엔텍,㈜대보이엔텍,중소기업,경기 안양시,환경 관련 엔지니어링 서비스업,"5,000만원(2024.12.31)",50억 9천만원(2024.12.31),김규현,2009.08.01(17년차)
예성컴퍼니,㈜예성컴퍼니,중소기업,경기 수원시,전기·전자·제어,-,-,윤진우,2020.07.15(6년차)
금강산업엔진,㈜금강산업엔진,중소기업,전북 전주시,백화점·유통·도소매,5억원,20억,고창수,1999.04.07(27년차)
티에이치이,㈜티에이치이,중견기업,경기 용인시,사료 도매업,"2억 9,100만원(2024.12.31)","1,203억 2천만원(2024.12.31)",손덕환,2001.01.02(25년차)
티에이치이,티에이치이㈜,중소기업,부산 강서구,기계·기계설비,,,제갈옥,2004.02.28(22년차)
티에이치이,(주)티에이치이,중소기업,충남 아산시,기타 반도체소자 제조업,4억원(2024.12.31),21억 2천만원(2024.12.31),허승필,2017.12.22(9년차)
티에이치이,㈜일신티에이치이,중소기업,서울 관악구,건설·시공·토목·조경,-,-,이상운,1980(46년차)
티에이치이,㈜티에이치이엔지,중소기업,부산 사하구,기계·기계설비,5억 50만원,40억,박영철,2002(24년차)
티에이치이,디에이치이엔티㈜,중소기업,울산 중구,기타 엔지니어링 서비스업,"1억 1,975만원(2020.12.31)","9억 7,807만원(2020.12.31)",허덕회,2017.03.01(9년차)
티에이치이,㈜티에이치이엠피,중소기업,충남 천안시,전기용 기계.장비 및 관련 기자재 도매업,1억원(2023.12.31),32억 8천만원(2023.12.31),이동명,2019.06.07(7년차)
티에이치이,티에이치이티오앤,중소기업,서울 강남구,모조 귀금속 및 모조 장신용품 제조업,"5,000만원(2021.12.31)",77억 3천만원(2021.12.31),윤태건/우수정,2008.01.25(18년차)
티에이치이,티에이치이앤씨,중소기업,서울 송파구,일반전기 공사업,2억원,20억,권태국,2010(16년차)
티에이치이,더부페티에이치이푸드,중소기업,서울 마포구,출장 음식 서비스업,10억 6천만원(2023.12.31),24억 7천만원(2023.12.31),김영심,2016.01.21(10년차)
코르세모토트레이딩,㈜코르세모토트레이딩,중소기업,경기 고양시,자동차 신품 타이어 및 튜브 판매업,7억원(2022.12.31),105억 4백만원(2022.12.31),정진화,2008.03.25(18년차)
와임,㈜와임,중소기업,서울 송파구,정보보안,-,-,조래성,2015.04.14(11년차)
와임,와임스튜디오,중소기업,경기 성남시,웹에이전시,,,,
동탄메가몰,주식회사동탄메가몰,중소기업,경기 화성시,주거용 건물 개발 및 공급업,,,,
유인시스,㈜유인시스,중소기업,서울 성동구,솔루션·SI·CRM·ERP,,,,
유인시스,㈜유인시스템,중소기업,서울 마포구,시스템 소프트웨어 개발 및 공급업,,,,
지엠,한국지엠주식회사,중견기업,전북 군산시,승용차 및 기타 여객용 자동차 제조업,,,,
지엠,지엠테크니컬센터코리아(주),중견기업,인천 부평구,기타 공학 연구개발업,,,,
지엠,㈜지엠컴,중소기업,서울 강남구,"전시, 컨벤션 및 행사 대행업",,,,
지엠,㈜리앤이엠지엠,중견기업,서울 동대문구,시설관리·보안·경비,,,,
지엠,㈜지엠네트웍스,중소기업,부산 남구,시설관리·보안·경비,,,,
지엠,㈜에이씨엠리서치코리아,외국계(외국 투자기업),경기도 성남시,반도체·디스플레이·광학,,,,
지엠,㈜지엠솔루션,중소기업,서울 금천구,솔루션·SI·CRM·ERP,,,,
지엠,㈜지엠테스트,대기업,충남 천안시,반도체·디스플레이·광학,,,,
지엠,지엠테크㈜,중소기업,서울특별시 송파구,자동차·조선·철강·항공,,,,
지엠,㈜엠지엠월드,중소기업,경기 시흥시,상품 종합 도매업,,,,
우림코윈,주식회사우림코윈,중소기업,충남 공주시,그 외 기타 전자부품 제조업,2억원(2024.12.31),124억 7천만원(2024.12.31),우택욱,2009.07.01(17년차)
고진모터스,고진모터스㈜,중견기업,서울 강남구,자동차 신품 판매업,105억원,4238억1430만,"장인우,장홍선",2000.02.01(26년차)
태서전기,㈜태서전기,중소기업,경기 용인시,가정용 비전기식 조리 및 난방 기구 제조업,"4억 3,636만원(2020.12.31)",126억 3천만원(2020.12.31),정재식,1988.11.01(38년차)
유성건설,유성건설㈜,중소기업,광주 남구,기타 토목시설물 건설업,16억 5천만원(2023.12.31),53억 2천만원(2023.12.31),김범중/문병환,1996.12.15(30년차)
유성건설,㈜유성건설,중소기업,경북 경산시,토목시설물 건설업,35억 5천만원(2023.12.31),321억 7천만원(2023.12.31),김재형/남동강,1984.10.02(42년차)
유성건설,㈜유성건설,중소기업,경기 부천시,포장 공사업,6억원(2024.12.31),12억 2천만원(2024.12.31),김연미,2000.02.10(26년차)
유성건설,유성건설㈜,중소기업,경기 부천시,철골 및 관련 구조물 공사업,2억원,15억,윤준석,2016.09.29(10년차)
유성건설,유성건설㈜,중소기업,광주 서구,건설·시공·토목·조경,-,-,문제춘,2003.01.27(23년차)
유성건설,㈜유성종합건설,중소기업,부산 부산진구,건설·시공·토목·조경,17억원,102억8천만,제창섭,1989.11.01(37년차)
유성건설,유성건설㈜,중소기업,경기 평택시,기타 토목시설물 건설업,-,-,한경택,-
유성건설,유성종합건설㈜,중소기업,강원 삼척시,건설·시공·토목·조경,15억원,80억,최상길,1989.08.18(37년차)
유성건설,유성환경건설㈜,중소기업,경기도 가평군,환경설비 건설업,1억원(2016.12.31),"9억 7,269만원(2016.12.31)",신성식,1999.01.13(27년차)
유성건설,유성종합건설㈜,중소기업,경기 시흥시,토목시설물 건설업,-,-,윤경용,2015.09.17(11년차)
유한코일,유한코일㈜,중소기업,인천 서구,1차 금속제품 도매업,"4,600만원(2022.12.31)",165억 6천만원(2022.12.31),유규현/유재익,1995.01.01(31년차)
티오이십일콤즈,㈜티오이십일콤즈,중소기업,서울 구로구,전기·전자·제어,14억 6천만원,173억 3천만,류병철,2013.12.03(13년차)
미트앤미트,위트앤미트,중소기업,서울 강남구,음식료·외식·프랜차이즈,-,-,김광중,2021.10.15(5년차)
미트앤미트,㈜우리앤미트,중소기업,서울 성동구,육류 도매업,"5,000만원",-,박인수,2014.11.03(12년차)
미트앤미트,미트앤피플,중소기업,경기 부천시,백화점·유통·도소매,"6억 1,700만원",190억원,이복원,2013.04.02(13년차)
미트앤미트,㈜미트앤모아,중소기업,서울 성동구,육류 도매업,2억원(2023.12.31),122억 2천만원(2023.12.31),유종찬,2023.05.15(3년차)
미트앤미트,하이앤미트,중소기업,경기 화성시,식품가공,,,,
미트앤미트,(주)씨앤미트,중소기업,경기 의정부시,육류 도매업,,,,
미트앤미트,㈜미트앤솔트,중소기업,경기 하남시,기타 산업용 농산물 도매업,,,,
미트앤미트,㈜본푸드앤미트,중소기업,경기 남양주시,물류·운송·배송,,,,
미트앤미트,㈜아이원미트앤푸드,중소기업,인천 서구,육류 도매업,,,,
미트앤미트,태서앤썬미트,중소기업,경기 화성시,육류 도매업,,,,
서원농,㈜서원농산농업회사법인,중소기업,충북 청주시,기계·기계설비,,,,
제이준,제이준코스메틱(주),중소기업,서울 용산구,생활화학·화장품,,,,
제이준,제이준코리아㈜,중소기업,경기 고양시,백화점·유통·도소매,,,,
제이준,주식회사제이준,중소기업,경기 포천시,기타 직물제품 제조업,,,,
제이준,제이준성형외과,중소기업,서울 강남구,제약·보건·바이오,,,,
제이준,제이준편백,중소기업,전남 담양군,쇼핑몰·오픈마켓·소셜커머스,,,,
제이준,제이준영어학원,중소기업,서울 마포구,학원·어학원·교육원,,,,
제이준,㈜쌍방울,중소기업,서울 중구,속옷 및 잠옷 제조업,,,,
제이준,㈜비비안,중견기업,서울 용산구,섬유·의류·패션,,,,
제이준,㈜신우,중소기업,서울 강남구,화장품 제조업,22억 4천만원(2024.12.31),129억 9천만원(2024.12.31),손상훈/전경재,1972.06.30(54년차)
미쁨,주미쁨,중소기업,경기 하남시,커피 가공업,"8억 4,000만원(2023.12.31)","5억 1,009만원(2023.12.31)",이승택,2019.06.10(7년차)
미쁨,시더스미쁨#,중소기업,인천 미추홀구,뷰티·미용,-,-,최혜영,-
미쁨,미쁨부동산공인중개사사무소,중소기업,경기 부천시,부동산·중개·임대,-,-,박수진,2021.01.24(5년차)
미쁨,더미쁨헤어,중소기업,서울특별시 중랑구,뷰티·미용,-,-,장은혜,2021.07.06(5년차)
미쁨,미쁨,중소기업,부산 강서구,전자상거래 소매업,-,-,김혜미,2016.03.23(10년차)
미쁨,미쁨공인중개사사무소,중소기업,인천 부평구,부동산·중개·임대,-,-,박지훈,2024.02.22(2년차)
거산토건,㈜거산토건,중소기업,대구 달성군,"미장, 타일 및 방수 공사업",8억원(2024.12.31),349억 2천만원(2024.12.31),홍종수,2003.08.22(23년차)
사맛디,사맛디커피실록,중소기업,경기 수원시,커피 전문점,"3,752만원(2019.12.31)",1억 39만원(2019.12.31),이진형/김령선,2018.08.08(8년차)
에듀파트너,㈜미래엔에듀파트너,중견기업,서울 용산구,기타 교육지원 서비스업,40억 5백만원(2024.12.31),165억 8천만원(2024.12.31),최용섭/강윤구,2009.03.20(17년차)
에듀파트너,㈜에듀파트너인스티튜트,중소기업,서울 강남구,학원·어학원·교육원,-,-,김화술,2006.11.10(20년차)
에듀파트너,글로벌에듀파트너,중소기업,인천 부평구,"그 외 기타 분류 안된 전문, 과학 및 기술 서비스업","3,564만원(2017.12.31)","4억 3,952만원(2017.12.31)",고나연,2011.02.23(15년차)
티앤지,㈜씨너지아이앤티,중소기업,서울 강남구,쇼핑몰·오픈마켓·소셜커머스,,,이동준,2004.10.18(22년차)
티앤지,㈜에스비에스에이앤티,중견기업,서울 양천구,뉴스 제공업,22억 3천만원(2024.12.31),"1,285억 5천만원(2024.12.31)",김재준,1998.10.29(28년차)
티앤지,㈜ 광덕에이앤티,중소기업,인천 남동구,자동차·조선·철강·항공,"9억 5,000만원",730억,김용백,1977.07.12(49년차)
티앤지,㈜신우에이엔티,중소기업,경기 안성시,반도체 제조용 기계 제조업,6억원(2024.12.31),554억 6천만원(2024.12.31),이현주,2005.04.01(21년차)
티앤지,㈜이든티앤에스,중소기업,서울 영등포구,컴퓨터·하드웨어·장비,6억원,500억원,김연기,2009.04.30(17년차)
티앤지,삼보에이앤티㈜,중견기업,충북 괴산군,그 외 자동차용 신품 부품 제조업,185억 4천만원(2024.12.31),"1,756억 1천만원(2024.12.31)",박지훈,2001.01.01(25년차)
티앤지,티앤지손해사정㈜,중소기업,서울 종로구,증권·보험·카드,,,,
티앤지,㈜이앤티,중견기업,광주 서구,통신.방송장비 및 부품 도매업,,,,
티앤지,㈜티앤지,중소기업,전북 익산시,자동차·조선·철강·항공,,,,
티앤지,㈜명성에이앤티,중소기업,충북 청주시,배전반 및 전기 자동제어반 제조업,,,,
멜로잉팩토리,㈜멜로잉팩토리,중소기업,서울 강남구,응용 소프트웨어 개발 및 공급업,,,,
다나메디컬(지점),다나메디컬(지점),중소기업,전남 장성군,제약·보건·바이오,,,,
제이투에스테크놀리지,제이투에스테크놀리지,중소기업,서울 금천구,시스템 소프트웨어 개발 및 공급업,,,,
디에스텍,㈜디에스텍,중소기업,경남 거제시,기타 엔지니어링 서비스업,,,,
디에스텍,디에스텍,중소기업,경기 용인시,"기타 기술 시험, 검사 및 분석업",,,,
디에스텍,㈜디에스텍,중소기업,서울 금천구,건축·설비·환경,,,,
디에스텍,㈜디에스텍,중소기업,강원 강릉시,화학·에너지·환경,,,,
디에스텍,디에스텍㈜,중소기업,서울 구로구,배관 및 냉ㆍ난방 공사업,,,,
디에스텍,㈜디에스텍,중소기업,경기 안산시,유선 통신장비 제조업,,,,
디에스텍,디에스텍,중소기업,충남 예산군,바이오 연료 및 혼합물 제조업,,,,
디에스텍,㈜수지디에스텍,중소기업,경기 김포시,기계·기계설비,,,,
노아엘이디,㈜노아엘이디,중소기업,울산 울주군,일반용 전기 조명장치 제조업,"2억 7,000만원(2024.12.31)",47억 1천만원(2024.12.31),정양숙,2002.11.10(24년차)
비에이치에스티,㈜비에이치에스티,중소기업,충남 아산시,반도체·디스플레이·광학,-,-,서인홍,2018.02.07(8년차)
에이알케이,㈜에이알케이,중소기업,경기 화성시,산업용 로봇 제조업,"1억 5,000만원(2024.12.31)",61억 9천만원(2024.12.31),홍상헌,2000.09.10(26년차)
에이알케이,㈜에이알케이,중소기업,경기 화성시,기타 반도체소자 제조업,2억원(2023.12.31),33억 8백만원(2023.12.31),최정식,2015.01.20(11년차)
에이알케이,㈜에이알케이라인,중소기업,서울 서대문구,물류·운송·배송,3억원,57억,최성용,2008.04.22(18년차)
에이알케이,아크(ARK),중소기업,서울 영등포구,광고·홍보·전시,-,-,서경민,-
에이알케이,㈜에이알케이미디어,중소기업,서울 금천구,방송 프로그램 제작업,100만원(2022.12.31),"7억 8,565만원(2022.12.31)",정상훈,2018.12.21(8년차)
에이알케이,Design Studio ARK,중소기업,서울 강동구,"도배, 실내장식 및 내장 목공사업",1억원,20억,정철기,2011.10.18(15년차)
에이알케이,㈜네패스아크,중견기업,충북 괴산군,"그 외 기타 분류 안된 전문, 과학 및 기술 서비스업",60억 9천만원(2024.12.31),"1,192억 6천만원(2024.12.31)",이창우/이병구,2019.04.01(7년차)
제이비,제이비㈜,중견기업,충남 아산시,연료용 가스 제조 및 배관공급업,81억원(2024.12.31),"9,165억 9천만원(2024.12.31)",김영석/우재화,1992.06.03(34년차)
제이비,㈜제이비피코리아,외국계(외국 투자기업),서울 강남구,무역·상사,,,임홍석,2005.02.23(21년차)
제이비,㈜제이비로만,중소기업,인천 서구,고용 알선업,-,-,김미량,-
제이비,㈜제이비,중소기업,경기 하남시,물류·운송·배송,5억원,480억,정만호,2007.03.26(19년차)
제이비,제이비,중소기업,서울 광진구,물류·운송·배송,-,-,모송민,-
제이비,㈜제이비스타,중소기업,경기 용인시,쇼핑몰·오픈마켓·소셜커머스,-,150억,방인섭,2006.04.01(20년차)
제이비,㈜제이비컴스컴퍼니,중소기업,서울 마포구,광고·홍보·전시,1억원,매출액 60억,권재범,2007.01.02(19년차)
제이비,㈜제이비컴즈,중소기업,서울 광진구,문화·공연·예술,,,,
제이비,"주식회사제이비케이랩(JBKLABCo.,Ltd.",중소기업,경기도 성남시,건강기능식품 제조업,,,,
제이비,㈜제이비티,벤처기업,경기 성남시,솔루션·SI·CRM·ERP,,,,
피앤씨알엠,피앤씨알엠㈜,중소기업,서울 금천구,솔루션·SI·CRM·ERP,,,,
신우건설,㈜신우건설,중소기업,대전 대덕구,유리 및 창호 공사업,,,,
신우건설,㈜신우건설,중소기업,경기 수원시,"미장, 타일 및 방수 공사업",,,,
신우건설,신우건설㈜,중소기업,강원 평창군,그 외 기타 건축 마무리 공사업,,,,
신우건설,신우건설,중소기업,경기 용인시,건물 건설업,,,,
신우건설,신우건설㈜,중소기업,대구 북구,아파트 건설업,,,,
신우건설,신우특수건설㈜,중소기업,서울 송파구,콘크리트 및 철근 공사업,,,,
신우건설,신우건설산업㈜,중소기업,서울 영등포구,건설·시공·토목·조경,,,,
신우건설,신우건설이엔지,중소기업,대전 유성구,배관 및 냉ㆍ난방 공사업,"2억 1,000만원(2020.12.31)","9억 4,075만원(2020.12.31)",신현옥,2016.05.10(10년차)
신우건설,㈜신우케이종합건설,중소기업,경기 포천시,사무.상업용 및 공공기관용 건물 건설업,-,-,임성환,2020.11.03(6년차)
미림엔지니어링,㈜미림엔지니어링,중소기업,서울 구로구,건설·시공·토목·조경,1억원,약 30억,하종환,2001(25년차)
나눔누리,나눔누리,대기업,경북 구미시,건축물 일반 청소업,8억원(2024.12.31),255억원9십만원(2024.12.31),박영달,2012.03.15(14년차)
나눔누리,사회적협동조합 일과나눔 도우누리,중소기업,경기 남양주시,사회복지·요양,-,-,이순이,-
유니지엘에스,㈜유니지엘에스,중소기업,경기 파주시,"화물운송 중개, 대리 및 관련 서비스업",3억원(2021.12.31),17억 3천만원(2021.12.31),김영래,2011.03.16(15년차)
업타운,업타운엔큐베이팅,중소기업,서울 동대문구,렌탈·임대·리스,3억 1만원,아직영업전,김성은,2017.02.15(9년차)
업타운,업타운필라테스,중소기업,서울 강북구,전자상거래 소매 중개업,-,-,정주훈,-
업타운,업타운필라테스,중소기업,서울 성북구,전자상거래 소매 중개업,-,-,조다은,-
업타운,업타운독,중소기업,대구 달서구,전자상거래 소매 중개업,,,,
업타운,더업타운,개인,경기 광명시,통신 판매업,,,,
업타운,업타운엔터테이먼트,중소기업,부산 중구,콜센터·아웃소싱·기타,,,,
비엔비,㈜한화비앤비,대기업,서울 성동구,음식료·외식·프랜차이즈,,,,
비엔비,비앤비(B&B)파트너스,중소기업,서울 송파구,콜센터·아웃소싱·기타,,,,
비엔비,㈜비앤비코리아,중소기업,인천 서구,생활화학·화장품,,,,
비엔비,㈜비엔비엔,중소기업,서울 강남구,광고·홍보·전시,,,,
비엔비,㈜비앤비인더스트리,중소기업,서울 서초구,연예·엔터테인먼트,,,,
비엔비,(주)비앤에프,중소기업,경기 이천시,건강기능식품 제조업,,,,
비엔비,㈜비엔비인터내셔널,중소기업,서울 동대문구,남녀용 겉옷 및 셔츠 도매업,,,,
비엔비,㈜비앤비,중소기업,경기 포천시,화학·에너지·환경,,,,
비엔비,㈜비앤비컴퍼니,벤처기업,대전 유성구,생활용품·소비재·기타,3억원,48억,박상리,2012.01.01(14년차)
비엔비,비앤비(B&B),중소기업,대구 수성구,부동산·중개·임대,-,-,하영환,-
쿠쿠전자,쿠쿠전자,중견기업,경남 양산시,주방용 전기기기 제조업,25억원(2024.12.31),"7,479억 7천만원(2024.12.31)",구본학,2017.12.01(9년차)
쿠쿠전자,쿠쿠홈시스㈜ 렌탈사업본부,중소기업,경기 하남시,가전제품 및 부품 도매업,-,-,김판섭,2009.11.25(17년차)
엠비씨플레이비,㈜엠비씨플레이비(키자니아),대기업 계열사·자회사,서울 송파구,유원지 및 테마파크 운영업,71억원,"257억5,137만",강재형,2008.09.17(18년차)
엠비씨플레이비,㈜엠비씨플레이비부산점,대기업 계열사·자회사,부산 해운대구,스포츠·여가·레저,-,-,민병우,-
에세스엔지니어링,에세스엔지니어링,중소기업,광주 서구,시설물 유지관리 공사업,5억원(2024.12.31),22억 2천만원(2024.12.31),김원중,2012.02.07(14년차)
예창건설,예창건설㈜,중소기업,인천 서구,단독 주택 건설업,5억원(2024.12.31),117억 4천만원(2024.12.31),정창표,1997.04.08(29년차)
예창건설,예창종합건설㈜,중소기업,경기 화성시,건설·시공·토목·조경,-,-,한재구,-
페이퍼코리아,페이퍼코리아㈜,중견기업,전북 군산시,목재·제지·가구,300억원,"4,500억",권육상,1944.10.09(82년차)
페이퍼코리아,㈜보이스페이퍼코리아,중소기업,경기 성남시,상품 종합 도매업,1억원(2024.12.31),34억 5백만원(2024.12.31),권성철,2016.01.01(10년차)
페이퍼코리아,천밍페이퍼코리아,중소기업,서울 마포구,"생활용 포장 및 위생용품, 봉투 및 유사 제품 도매업",-,-,펑타오/이영석,-
아이티엔티,㈜티아이티이엔지,중소기업,서울 송파구,전기·전자·제어,3억원,214억,김주연,2000.09.29(26년차)
아이티엔티,㈜아이티엔티,벤처기업,경기 수원시,반도체·디스플레이·광학,"9억 8,000만원",57억,장경훈,2006.05.25(20년차)
아이티엔티,㈜에이치티아이티,중소기업,경기 부천시,반도체·디스플레이·광학,-,55억,조진호,2014.01.03(12년차)
아이티엔티,엑티브아이티(주),중소기업,경기 수원시,네트워크·통신서비스,"5,000만원","7조 2,468억원",류수석,2000.07.13(26년차)
아이티엔티,㈜건양아이티티,중소기업,부산 강서구,그 외 기타 특수목적용 기계 제조업,,,,
아이티엔티,㈜아이티티,벤처기업,경기 안양시,제약·보건·바이오,,,,
아이티엔티,㈜아이티앤티,중소기업,경기 안성시,그 외 기타 일반목적용 기계 제조업,,,,
아이티엔티,㈜티아이티이엔지,중소기업,경기 성남시,전기·전자·제어,,,,
아이티엔티,㈜아이티티,중소기업,부산 강서구,"전기회로 개폐, 보호장치 제조업",,,,
아이티엔티,㈜피아이티티,중소기업,서울 서초구,스포츠·여가·레저,,,,
한일카페트,한일카페트㈜,중소기업,서울 강남구,기타 생활용 섬유 및 직물제품 도매업,,,,
대륙건설산업,대륙건설산업,중소기업,대전 대덕구,기타 토목시설물 건설업,,,,
엠에이치수산,㈜엠에이치수산,중소기업,부산 사하구,무역·상사,,,,
디아이디어그룹,디아이디어그룹,중소기업,서울 강남구,경영 컨설팅업,,,,
동천수,동천수지,중소기업,경북 구미시,비금속류 원료 재생업,11억 8천만원(2023.12.31),20억 6천만원(2023.12.31),신범수,1997.01.10(29년차)
아이엔에프아이엑스,㈜아이엔에프아이엑스,중견기업,서울 마포구,쇼핑몰·오픈마켓·소셜커머스,"1억 5,000만원",1800억,"이오용,이재군,조창희",2004.06.21(22년차)
필엔지니어링,필엔지니어링,중소기업,경기 화성시,건설 및 채광용 기계장비 제조업,17억원(2024.12.31),70억 9천만원(2024.12.31),박승현,2000.06.01(26년차)
필엔지니어링,㈜스펙엔지니어링와이엔피,중소기업,서울 송파구,건축설계 및 관련 서비스업,"1억 5,109만원(2024.12.31)",17억 1천만원(2024.12.31),윤정현,2009.03.04(17년차)
필엔지니어링,혜윰피씨엔지니어링,중소기업,서울 금천구,건축·설비·환경,-,-,윤자흥,2021.04.01(5년차)
필엔지니어링,필엔지니어링,중소기업,경기 부천시,전기·전자·제어,"5,000만원",363천만원,김승필,2001.04.12(25년차)
필엔지니어링,피엣엔지니어링(FIET Engineering),중소기업,경기 평택시,건축·설비·환경,-,30억,박연진,2022.04.08(4년차)
필엔지니어링,㈜이수이앤씨,중소기업,서울 서초구,콘크리트 및 철근 공사업,15억 7백만원(2024.12.31),222억 3백만원(2024.12.31),곽상권,2016.03.30(10년차)
필엔지니어링,㈜코스펙빔테크,중소기업,서울 서초구,응용 소프트웨어 개발 및 공급업,1억원(2018.12.31),13억 7천만원(2018.12.31),이종민,2012.12.06(14년차)
원천오복,농업회사법인㈜원천오복,중소기업,경기 포천시,기타 신선식품 및 단순 가공식품 도매업,15억원,356억원,임성규,1994.10.08(32년차)
세무통,㈜세무통,중소기업,서울 마포구,응용 소프트웨어 개발 및 공급업,-,2억,김인수,2015.12.05(11년차)
다우피앤지,다우피앤지,중소기업,경기 용인시,운송장비용 주유소 운영업,2억원(2019.12.31),261억 7천만원(2019.12.31),양덕진,1992.11.01(34년차)
두빛플러스,㈜두빛플러스,중소기업,경기 화성시,그 외 기타 기계 및 장비 도매업,"2,000만원(2018.12.31)",12억 4천만원(2018.12.31),우정하,2011.05.30(15년차)
켐베이스,켐베이스,중소기업,충남 논산시,합성수지 및 기타 플라스틱 물질 제조업,"2억 5,000만원(2024.12.31)",114억 5천만원(2024.12.31),백종구,2008.09.01(18년차)
양진텔레콤,㈜양진텔레콤,중소기업,서울 송파구,광고 대행업,5억원(2024.12.31),111억 3백만원(2024.12.31),김평/김백철,1999.06.01(27년차)
케이텍,케이텍맨파워 중부지사,중소기업,대전 서구,콜센터·아웃소싱·기타,15억원,1500억,김대식,1986(40년차)
케이텍,㈜케이엔비윈텍,중소기업,서울 구로구,응용 소프트웨어 개발 및 공급업,1억원,5만원,구본석,2006.09.01(20년차)
케이텍,㈜케이텍,중소기업,경북 포항시,기타 주변기기 제조업,"3억 6,000만원(2024.12.31)",152억 9백만원(2024.12.31),고병대/전재용,2011.11.01(15년차)
케이텍,㈜케이텍,중소기업,인천 남동구,기계·기계설비,3억 5만원,56억,이광희,2002.01.23(24년차)
케이텍,㈜케이스마텍,중소기업,서울 금천구,응용 소프트웨어 개발 및 공급업,"6억 6,667만원(2024.12.31)",108억 9천만원(2024.12.31),고인옥/정순호,2010.05.24(16년차)
케이텍,㈜케이램아키텍,중소기업,서울 성동구,인테리어·자재,2억원,96억,양재훈,2012.04.06(14년차)
케이텍,㈜케이텍,중소기업,대전 대덕구,자동차·조선·철강·항공,8억원(2023.12.31),80억,최정희,2004.05.10(22년차)
케이텍,㈜케이엠디지텍,중소기업,경기 수원시,전기·전자·제어,10억원,250억,임성주,1991(35년차)
케이텍,㈜케이엔텍,중소기업,대전 유성구,생활용품·소비재·기타,"4억 5,000만원",80억,"구창일, 정지행",1999.06.22(27년차)
케이텍,㈜케이디엠텍,중소기업,울산 울주군,산업생산시설 종합건설업,10억원(2024.12.31),808억 8천만원(2024.12.31),정원군/정홍규,2003.09.01(23년차)
갤럭시아일렉트로닉스,갤럭시아일렉트로닉스㈜,대기업,경기 수원시,"전구, 램프 및 조명장치 도매업",33억 7천만원(2024.12.31),71억 4천만원(2024.12.31),변해현,2006.10.09(20년차)
디앤디기술,㈜디앤디기술,중소기업,서울 서초구,자료 처리업,2억원(2023.12.31),150억 5천만원(2023.12.31),민태영,2005.07.22(21년차)
엔티씨글로벌,㈜엔티씨글로벌,중소기업,서울 금천구,무역·상사,-,-,김일환,2010.01.01(16년차)
쌍용에프엔씨,㈜쌍용에프엔씨,중소기업,서울 송파구,무역·상사,15억원,200백억,배창용,2005.07.07(21년차)
가나스틸,㈜가나스틸,중소기업,충남 서산시,1차 금속제품 도매업,7억 254만원(2024.12.31),577억 9천만원(2024.12.31),이안수,1989.01.01(37년차)
가톨릭평화방송,가톨릭평화방송,비영리법인,서울 중구,라디오 방송업,"1,223억 1천만원(2024.12.31)",113억 4천만원(2024.12.31),구요비,1988.05.21(38년차)
가톨릭평화방송,(재) 부산가톨릭평화방송,중소기업,부산 중구,방송·케이블·프로덕션,-,-,박명제,-
현대엔지니어링,현대엔지니어링㈜,대기업,서울 종로구,건설·시공·토목·조경,380억원,7조 3천억,홍현성,1974.02.11(52년차)
현대엔지니어링,㈜현대엔지니어링,중소기업,경북 경산시,금속·재료·자재,-,-,정상문,2001(25년차)
현대엔지니어링,현대엔지니어링,중소기업,울산 중구,소방시설 공사업,6억 922만원(2024.12.31),267억 8천만원(2024.12.31),박외관,1999.12.01(27년차)
현대엔지니어링,㈜현대적산엔지니어링,중소기업,서울 서초구,건축설계 및 관련 서비스업,1억원(2023.06.30),35억 1천만원(2023.06.30),정동철,1990(36년차)
현대엔지니어링,㈜현대엔지니어링,중소기업,대전광역시 유성구,기계·기계설비,"1억 5,000만원",25억,김근수,2007(19년차)
현대엔지니어링,현대엔지니어링㈜,벤처기업,경남 양산시,기계·기계설비,-,-,정진식,2007.10.18(19년차)
현대엔지니어링,㈜현대발파엔지니어링,중소기업,서울 광진구,건물 및 토목 엔지니어링 서비스업,,,,
현대엔지니어링,현대기술엔지니어링,중소기업,충남 천안시,기타 토목시설물 건설업,,,,
기락,기락,중소기업,경기 남양주시,기타 곡물 가공품 제조업,,,,
세프라텍,세프라텍,벤처기업,대전 대덕구,기계·기계설비,,,,
동서토건,동서토건㈜,중소기업,강원 속초시,건물 건설업,,,,
충남대학교산학협력단,충남대학교산학협력단,비영리법인,대전 유성구,기타 전문 서비스업,,,,
충남대학교산학협력단,충남도립대학교산학협력단,비영리법인,충남 청양군,기타 전문 서비스업,,,,
청운친환경영농조합법인,청운친환경영농조합법인,중소기업,전남 담양군,식품가공,-,-,오재갑,2004.02.23(22년차)
