기업명,error
대광플라테크,"Message: 
Stacktrace:
	GetHandleVerifier [0x0x7ff7ccf8fe75+79173]
	GetHandleVerifier [0x0x7ff7ccf8fed0+79264]
	(No symbol) [0x0x7ff7ccd49e5a]
	(No symbol) [0x0x7ff7ccda0586]
	(No symbol) [0x0x7ff7ccda083c]
	(No symbol) [0x0x7ff7ccdf4247]
	(No symbol) [0x0x7ff7ccdc89af]
	(No symbol) [0x0x7ff7ccdf100d]
	(No symbol) [0x0x7ff7ccdc8743]
	(No symbol) [0x0x7ff7ccd914c1]
	(No symbol) [0x0x7ff7ccd92253]
	GetHandleVerifier [0x0x7ff7cd25a2ad+3004797]
	GetHandleVerifier [0x0x7ff7cd2546fd+2981325]
	GetHandleVerifier [0x0x7ff7cd273350+3107360]
	GetHandleVerifier [0x0x7ff7ccfaa9fe+188622]
	GetHandleVerifier [0x0x7ff7ccfb228f+219487]
	GetHandleVerifier [0x0x7ff7ccf98dc4+115860]
	GetHandleVerifier [0x0x7ff7ccf98f79+116297]
	GetHandleVerifier [0x0x7ff7ccf7f528+11256]
	BaseThreadInitThunk [0x0x7ffb5d68e8d7+23]
	RtlUserThreadStart [0x0x7ffb5e3dc34c+44]
"
개밥왕,"Message: 
Stacktrace:
	GetHandleVerifier [0x0x7ff7ccf8fe75+79173]
	GetHandleVerifier [0x0x7ff7ccf8fed0+79264]
	(No symbol) [0x0x7ff7ccd49e5a]
	(No symbol) [0x0x7ff7ccda0586]
	(No symbol) [0x0x7ff7ccda083c]
	(No symbol) [0x0x7ff7ccdf4247]
	(No symbol) [0x0x7ff7ccdc89af]
	(No symbol) [0x0x7ff7ccdf100d]
	(No symbol) [0x0x7ff7ccdc8743]
	(No symbol) [0x0x7ff7ccd914c1]
	(No symbol) [0x0x7ff7ccd92253]
	GetHandleVerifier [0x0x7ff7cd25a2ad+3004797]
	GetHandleVerifier [0x0x7ff7cd2546fd+2981325]
	GetHandleVerifier [0x0x7ff7cd273350+3107360]
	GetHandleVerifier [0x0x7ff7ccfaa9fe+188622]
	GetHandleVerifier [0x0x7ff7ccfb228f+219487]
	GetHandleVerifier [0x0x7ff7ccf98dc4+115860]
	GetHandleVerifier [0x0x7ff7ccf98f79+116297]
	GetHandleVerifier [0x0x7ff7ccf7f528+11256]
	BaseThreadInitThunk [0x0x7ffb5d68e8d7+23]
	RtlUserThreadStart [0x0x7ffb5e3dc34c+44]
"
씨지리테일김천지점,"Message: 
Stacktrace:
	GetHandleVerifier [0x0x7ff7ccf8fe75+79173]
	GetHandleVerifier [0x0x7ff7ccf8fed0+79264]
	(No symbol) [0x0x7ff7ccd49e5a]
	(No symbol) [0x0x7ff7ccda0586]
	(No symbol) [0x0x7ff7ccda083c]
	(No symbol) [0x0x7ff7ccdf4247]
	(No symbol) [0x0x7ff7ccdc89af]
	(No symbol) [0x0x7ff7ccdf100d]
	(No symbol) [0x0x7ff7ccdc8743]
	(No symbol) [0x0x7ff7ccd914c1]
	(No symbol) [0x0x7ff7ccd92253]
	GetHandleVerifier [0x0x7ff7cd25a2ad+3004797]
	GetHandleVerifier [0x0x7ff7cd2546fd+2981325]
	GetHandleVerifier [0x0x7ff7cd273350+3107360]
	GetHandleVerifier [0x0x7ff7ccfaa9fe+188622]
	GetHandleVerifier [0x0x7ff7ccfb228f+219487]
	GetHandleVerifier [0x0x7ff7ccf98dc4+115860]
	GetHandleVerifier [0x0x7ff7ccf98f79+116297]
	GetHandleVerifier [0x0x7ff7ccf7f528+11256]
	BaseThreadInitThunk [0x0x7ffb5d68e8d7+23]
	RtlUserThreadStart [0x0x7ffb5e3dc34c+44]
"
정석푸드,"Message: 
Stacktrace:
	GetHandleVerifier [0x0x7ff7ccf8fe75+79173]
	GetHandleVerifier [0x0x7ff7ccf8fed0+79264]
	(No symbol) [0x0x7ff7ccd49e5a]
	(No symbol) [0x0x7ff7ccda0586]
	(No symbol) [0x0x7ff7ccda083c]
	(No symbol) [0x0x7ff7ccdf4247]
	(No symbol) [0x0x7ff7ccdc89af]
	(No symbol) [0x0x7ff7ccdf100d]
	(No symbol) [0x0x7ff7ccdc8743]
	(No symbol) [0x0x7ff7ccd914c1]
	(No symbol) [0x0x7ff7ccd92253]
	GetHandleVerifier [0x0x7ff7cd25a2ad+3004797]
	GetHandleVerifier [0x0x7ff7cd2546fd+2981325]
	GetHandleVerifier [0x0x7ff7cd273350+3107360]
	GetHandleVerifier [0x0x7ff7ccfaa9fe+188622]
	GetHandleVerifier [0x0x7ff7ccfb228f+219487]
	GetHandleVerifier [0x0x7ff7ccf98dc4+115860]
	GetHandleVerifier [0x0x7ff7ccf98f79+116297]
	GetHandleVerifier [0x0x7ff7ccf7f528+11256]
	BaseThreadInitThunk [0x0x7ffb5d68e8d7+23]
	RtlUserThreadStart [0x0x7ffb5e3dc34c+44]
"
케이프인베스트먼트,"Message: 
Stacktrace:
	GetHandleVerifier [0x0x7ff7ccf8fe75+79173]
	GetHandleVerifier [0x0x7ff7ccf8fed0+79264]
	(No symbol) [0x0x7ff7ccd49e5a]
	(No symbol) [0x0x7ff7ccda0586]
	(No symbol) [0x0x7ff7ccda083c]
	(No symbol) [0x0x7ff7ccdf4247]
	(No symbol) [0x0x7ff7ccdc89af]
	(No symbol) [0x0x7ff7ccdf100d]
	(No symbol) [0x0x7ff7ccdc8743]
	(No symbol) [0x0x7ff7ccd914c1]
	(No symbol) [0x0x7ff7ccd92253]
	GetHandleVerifier [0x0x7ff7cd25a2ad+3004797]
	GetHandleVerifier [0x0x7ff7cd2546fd+2981325]
	GetHandleVerifier [0x0x7ff7cd273350+3107360]
	GetHandleVerifier [0x0x7ff7ccfaa9fe+188622]
	GetHandleVerifier [0x0x7ff7ccfb228f+219487]
	GetHandleVerifier [0x0x7ff7ccf98dc4+115860]
	GetHandleVerifier [0x0x7ff7ccf98f79+116297]
	GetHandleVerifier [0x0x7ff7ccf7f528+11256]
	BaseThreadInitThunk [0x0x7ffb5d68e8d7+23]
	RtlUserThreadStart [0x0x7ffb5e3dc34c+44]
"
의료법인송학의료재단,"Message: 
Stacktrace:
	GetHandleVerifier [0x0x7ff7ccf8fe75+79173]
	GetHandleVerifier [0x0x7ff7ccf8fed0+79264]
	(No symbol) [0x0x7ff7ccd49e5a]
	(No symbol) [0x0x7ff7ccda0586]
	(No symbol) [0x0x7ff7ccda083c]
	(No symbol) [0x0x7ff7ccdf4247]
	(No symbol) [0x0x7ff7ccdc89af]
	(No symbol) [0x0x7ff7ccdf100d]
	(No symbol) [0x0x7ff7ccdc8743]
	(No symbol) [0x0x7ff7ccd914c1]
	(No symbol) [0x0x7ff7ccd92253]
	GetHandleVerifier [0x0x7ff7cd25a2ad+3004797]
	GetHandleVerifier [0x0x7ff7cd2546fd+2981325]
	GetHandleVerifier [0x0x7ff7cd273350+3107360]
	GetHandleVerifier [0x0x7ff7ccfaa9fe+188622]
	GetHandleVerifier [0x0x7ff7ccfb228f+219487]
	GetHandleVerifier [0x0x7ff7ccf98dc4+115860]
	GetHandleVerifier [0x0x7ff7ccf98f79+116297]
	GetHandleVerifier [0x0x7ff7ccf7f528+11256]
	BaseThreadInitThunk [0x0x7ffb5d68e8d7+23]
	RtlUserThreadStart [0x0x7ffb5e3dc34c+44]
"
두손씨에스티(대전지사),"Message: 
Stacktrace:
	GetHandleVerifier [0x0x7ff7ccf8fe75+79173]
	GetHandleVerifier [0x0x7ff7ccf8fed0+79264]
	(No symbol) [0x0x7ff7ccd49e5a]
	(No symbol) [0x0x7ff7ccda0586]
	(No symbol) [0x0x7ff7ccda083c]
	(No symbol) [0x0x7ff7ccdf4247]
	(No symbol) [0x0x7ff7ccdc89af]
	(No symbol) [0x0x7ff7ccdf100d]
	(No symbol) [0x0x7ff7ccdc8743]
	(No symbol) [0x0x7ff7ccd914c1]
	(No symbol) [0x0x7ff7ccd92253]
	GetHandleVerifier [0x0x7ff7cd25a2ad+3004797]
	GetHandleVerifier [0x0x7ff7cd2546fd+2981325]
	GetHandleVerifier [0x0x7ff7cd273350+3107360]
	GetHandleVerifier [0x0x7ff7ccfaa9fe+188622]
	GetHandleVerifier [0x0x7ff7ccfb228f+219487]
	GetHandleVerifier [0x0x7ff7ccf98dc4+115860]
	GetHandleVerifier [0x0x7ff7ccf98f79+116297]
	GetHandleVerifier [0x0x7ff7ccf7f528+11256]
	BaseThreadInitThunk [0x0x7ffb5d68e8d7+23]
	RtlUserThreadStart [0x0x7ffb5e3dc34c+44]
"
동선씨에스,"Message: 
Stacktrace:
	GetHandleVerifier [0x0x7ff7ccf8fe75+79173]
	GetHandleVerifier [0x0x7ff7ccf8fed0+79264]
	(No symbol) [0x0x7ff7ccd49e5a]
	(No symbol) [0x0x7ff7ccda0586]
	(No symbol) [0x0x7ff7ccda083c]
	(No symbol) [0x0x7ff7ccdf4247]
	(No symbol) [0x0x7ff7ccdc89af]
	(No symbol) [0x0x7ff7ccdf100d]
	(No symbol) [0x0x7ff7ccdc8743]
	(No symbol) [0x0x7ff7ccd914c1]
	(No symbol) [0x0x7ff7ccd92253]
	GetHandleVerifier [0x0x7ff7cd25a2ad+3004797]
	GetHandleVerifier [0x0x7ff7cd2546fd+2981325]
	GetHandleVerifier [0x0x7ff7cd273350+3107360]
	GetHandleVerifier [0x0x7ff7ccfaa9fe+188622]
	GetHandleVerifier [0x0x7ff7ccfb228f+219487]
	GetHandleVerifier [0x0x7ff7ccf98dc4+115860]
	GetHandleVerifier [0x0x7ff7ccf98f79+116297]
	GetHandleVerifier [0x0x7ff7ccf7f528+11256]
	BaseThreadInitThunk [0x0x7ffb5d68e8d7+23]
	RtlUserThreadStart [0x0x7ffb5e3dc34c+44]
"
쉰들러엘리베이터대전지점,"Message: 
Stacktrace:
	GetHandleVerifier [0x0x7ff7ccf8fe75+79173]
	GetHandleVerifier [0x0x7ff7ccf8fed0+79264]
	(No symbol) [0x0x7ff7ccd49e5a]
	(No symbol) [0x0x7ff7ccda0586]
	(No symbol) [0x0x7ff7ccda083c]
	(No symbol) [0x0x7ff7ccdf4247]
	(No symbol) [0x0x7ff7ccdc89af]
	(No symbol) [0x0x7ff7ccdf100d]
	(No symbol) [0x0x7ff7ccdc8743]
	(No symbol) [0x0x7ff7ccd914c1]
	(No symbol) [0x0x7ff7ccd92253]
	GetHandleVerifier [0x0x7ff7cd25a2ad+3004797]
	GetHandleVerifier [0x0x7ff7cd2546fd+2981325]
	GetHandleVerifier [0x0x7ff7cd273350+3107360]
	GetHandleVerifier [0x0x7ff7ccfaa9fe+188622]
	GetHandleVerifier [0x0x7ff7ccfb228f+219487]
	GetHandleVerifier [0x0x7ff7ccf98dc4+115860]
	GetHandleVerifier [0x0x7ff7ccf98f79+116297]
	GetHandleVerifier [0x0x7ff7ccf7f528+11256]
	BaseThreadInitThunk [0x0x7ffb5d68e8d7+23]
	RtlUserThreadStart [0x0x7ffb5e3dc34c+44]
"
지디앤피,"Message: 
Stacktrace:
	GetHandleVerifier [0x0x7ff7ccf8fe75+79173]
	GetHandleVerifier [0x0x7ff7ccf8fed0+79264]
	(No symbol) [0x0x7ff7ccd49e5a]
	(No symbol) [0x0x7ff7ccda0586]
	(No symbol) [0x0x7ff7ccda083c]
	(No symbol) [0x0x7ff7ccdf4247]
	(No symbol) [0x0x7ff7ccdc89af]
	(No symbol) [0x0x7ff7ccdf100d]
	(No symbol) [0x0x7ff7ccdc8743]
	(No symbol) [0x0x7ff7ccd914c1]
	(No symbol) [0x0x7ff7ccd92253]
	GetHandleVerifier [0x0x7ff7cd25a2ad+3004797]
	GetHandleVerifier [0x0x7ff7cd2546fd+2981325]
	GetHandleVerifier [0x0x7ff7cd273350+3107360]
	GetHandleVerifier [0x0x7ff7ccfaa9fe+188622]
	GetHandleVerifier [0x0x7ff7ccfb228f+219487]
	GetHandleVerifier [0x0x7ff7ccf98dc4+115860]
	GetHandleVerifier [0x0x7ff7ccf98f79+116297]
	GetHandleVerifier [0x0x7ff7ccf7f528+11256]
	BaseThreadInitThunk [0x0x7ffb5d68e8d7+23]
	RtlUserThreadStart [0x0x7ffb5e3dc34c+44]
"
에버그린글로벌,"Message: 
Stacktrace:
	GetHandleVerifier [0x0x7ff7ccf8fe75+79173]
	GetHandleVerifier [0x0x7ff7ccf8fed0+79264]
	(No symbol) [0x0x7ff7ccd49e5a]
	(No symbol) [0x0x7ff7ccda0586]
	(No symbol) [0x0x7ff7ccda083c]
	(No symbol) [0x0x7ff7ccdf4247]
	(No symbol) [0x0x7ff7ccdc89af]
	(No symbol) [0x0x7ff7ccdf100d]
	(No symbol) [0x0x7ff7ccdc8743]
	(No symbol) [0x0x7ff7ccd914c1]
	(No symbol) [0x0x7ff7ccd92253]
	GetHandleVerifier [0x0x7ff7cd25a2ad+3004797]
	GetHandleVerifier [0x0x7ff7cd2546fd+2981325]
	GetHandleVerifier [0x0x7ff7cd273350+3107360]
	GetHandleVerifier [0x0x7ff7ccfaa9fe+188622]
	GetHandleVerifier [0x0x7ff7ccfb228f+219487]
	GetHandleVerifier [0x0x7ff7ccf98dc4+115860]
	GetHandleVerifier [0x0x7ff7ccf98f79+116297]
	GetHandleVerifier [0x0x7ff7ccf7f528+11256]
	BaseThreadInitThunk [0x0x7ffb5d68e8d7+23]
	RtlUserThreadStart [0x0x7ffb5e3dc34c+44]
"
유건물산,"Message: 
Stacktrace:
	GetHandleVerifier [0x0x7ff7ccf8fe75+79173]
	GetHandleVerifier [0x0x7ff7ccf8fed0+79264]
	(No symbol) [0x0x7ff7ccd49e5a]
	(No symbol) [0x0x7ff7ccda0586]
	(No symbol) [0x0x7ff7ccda083c]
	(No symbol) [0x0x7ff7ccdf4247]
	(No symbol) [0x0x7ff7ccdc89af]
	(No symbol) [0x0x7ff7ccdf100d]
	(No symbol) [0x0x7ff7ccdc8743]
	(No symbol) [0x0x7ff7ccd914c1]
	(No symbol) [0x0x7ff7ccd92253]
	GetHandleVerifier [0x0x7ff7cd25a2ad+3004797]
	GetHandleVerifier [0x0x7ff7cd2546fd+2981325]
	GetHandleVerifier [0x0x7ff7cd273350+3107360]
	GetHandleVerifier [0x0x7ff7ccfaa9fe+188622]
	GetHandleVerifier [0x0x7ff7ccfb228f+219487]
	GetHandleVerifier [0x0x7ff7ccf98dc4+115860]
	GetHandleVerifier [0x0x7ff7ccf98f79+116297]
	GetHandleVerifier [0x0x7ff7ccf7f528+11256]
	BaseThreadInitThunk [0x0x7ffb5d68e8d7+23]
	RtlUserThreadStart [0x0x7ffb5e3dc34c+44]
"
거제돔관광호텔,"Message: 
Stacktrace:
	GetHandleVerifier [0x0x7ff7ccf8fe75+79173]
	GetHandleVerifier [0x0x7ff7ccf8fed0+79264]
	(No symbol) [0x0x7ff7ccd49e5a]
	(No symbol) [0x0x7ff7ccda0586]
	(No symbol) [0x0x7ff7ccda083c]
	(No symbol) [0x0x7ff7ccdf4247]
	(No symbol) [0x0x7ff7ccdc89af]
	(No symbol) [0x0x7ff7ccdf100d]
	(No symbol) [0x0x7ff7ccdc8743]
	(No symbol) [0x0x7ff7ccd914c1]
	(No symbol) [0x0x7ff7ccd92253]
	GetHandleVerifier [0x0x7ff7cd25a2ad+3004797]
	GetHandleVerifier [0x0x7ff7cd2546fd+2981325]
	GetHandleVerifier [0x0x7ff7cd273350+3107360]
	GetHandleVerifier [0x0x7ff7ccfaa9fe+188622]
	GetHandleVerifier [0x0x7ff7ccfb228f+219487]
	GetHandleVerifier [0x0x7ff7ccf98dc4+115860]
	GetHandleVerifier [0x0x7ff7ccf98f79+116297]
	GetHandleVerifier [0x0x7ff7ccf7f528+11256]
	BaseThreadInitThunk [0x0x7ffb5d68e8d7+23]
	RtlUserThreadStart [0x0x7ffb5e3dc34c+44]
"
백림종합건설,"Message: 
Stacktrace:
	GetHandleVerifier [0x0x7ff7ccf8fe75+79173]
	GetHandleVerifier [0x0x7ff7ccf8fed0+79264]
	(No symbol) [0x0x7ff7ccd49e5a]
	(No symbol) [0x0x7ff7ccda0586]
	(No symbol) [0x0x7ff7ccda083c]
	(No symbol) [0x0x7ff7ccdf4247]
	(No symbol) [0x0x7ff7ccdc89af]
	(No symbol) [0x0x7ff7ccdf100d]
	(No symbol) [0x0x7ff7ccdc8743]
	(No symbol) [0x0x7ff7ccd914c1]
	(No symbol) [0x0x7ff7ccd92253]
	GetHandleVerifier [0x0x7ff7cd25a2ad+3004797]
	GetHandleVerifier [0x0x7ff7cd2546fd+2981325]
	GetHandleVerifier [0x0x7ff7cd273350+3107360]
	GetHandleVerifier [0x0x7ff7ccfaa9fe+188622]
	GetHandleVerifier [0x0x7ff7ccfb228f+219487]
	GetHandleVerifier [0x0x7ff7ccf98dc4+115860]
	GetHandleVerifier [0x0x7ff7ccf98f79+116297]
	GetHandleVerifier [0x0x7ff7ccf7f528+11256]
	BaseThreadInitThunk [0x0x7ffb5d68e8d7+23]
	RtlUserThreadStart [0x0x7ffb5e3dc34c+44]
"
제일모직(주)연포리조트,"Message: 
Stacktrace:
	GetHandleVerifier [0x0x7ff7ccf8fe75+79173]
	GetHandleVerifier [0x0x7ff7ccf8fed0+79264]
	(No symbol) [0x0x7ff7ccd49e5a]
	(No symbol) [0x0x7ff7ccda0586]
	(No symbol) [0x0x7ff7ccda083c]
	(No symbol) [0x0x7ff7ccdf4247]
	(No symbol) [0x0x7ff7ccdc89af]
	(No symbol) [0x0x7ff7ccdf100d]
	(No symbol) [0x0x7ff7ccdc8743]
	(No symbol) [0x0x7ff7ccd914c1]
	(No symbol) [0x0x7ff7ccd92253]
	GetHandleVerifier [0x0x7ff7cd25a2ad+3004797]
	GetHandleVerifier [0x0x7ff7cd2546fd+2981325]
	GetHandleVerifier [0x0x7ff7cd273350+3107360]
	GetHandleVerifier [0x0x7ff7ccfaa9fe+188622]
	GetHandleVerifier [0x0x7ff7ccfb228f+219487]
	GetHandleVerifier [0x0x7ff7ccf98dc4+115860]
	GetHandleVerifier [0x0x7ff7ccf98f79+116297]
	GetHandleVerifier [0x0x7ff7ccf7f528+11256]
	BaseThreadInitThunk [0x0x7ffb5d68e8d7+23]
	RtlUserThreadStart [0x0x7ffb5e3dc34c+44]
"
롯데슈퍼(주)오남이점,"Message: 
Stacktrace:
	GetHandleVerifier [0x0x7ff7ccf8fe75+79173]
	GetHandleVerifier [0x0x7ff7ccf8fed0+79264]
	(No symbol) [0x0x7ff7ccd49e5a]
	(No symbol) [0x0x7ff7ccda0586]
	(No symbol) [0x0x7ff7ccda083c]
	(No symbol) [0x0x7ff7ccdf4247]
	(No symbol) [0x0x7ff7ccdc89af]
	(No symbol) [0x0x7ff7ccdf100d]
	(No symbol) [0x0x7ff7ccdc8743]
	(No symbol) [0x0x7ff7ccd914c1]
	(No symbol) [0x0x7ff7ccd92253]
	GetHandleVerifier [0x0x7ff7cd25a2ad+3004797]
	GetHandleVerifier [0x0x7ff7cd2546fd+2981325]
	GetHandleVerifier [0x0x7ff7cd273350+3107360]
	GetHandleVerifier [0x0x7ff7ccfaa9fe+188622]
	GetHandleVerifier [0x0x7ff7ccfb228f+219487]
	GetHandleVerifier [0x0x7ff7ccf98dc4+115860]
	GetHandleVerifier [0x0x7ff7ccf98f79+116297]
	GetHandleVerifier [0x0x7ff7ccf7f528+11256]
	BaseThreadInitThunk [0x0x7ffb5d68e8d7+23]
	RtlUserThreadStart [0x0x7ffb5e3dc34c+44]
"
더고운매,"Message: 
Stacktrace:
	GetHandleVerifier [0x0x7ff7ccf8fe75+79173]
	GetHandleVerifier [0x0x7ff7ccf8fed0+79264]
	(No symbol) [0x0x7ff7ccd49e5a]
	(No symbol) [0x0x7ff7ccda0586]
	(No symbol) [0x0x7ff7ccda083c]
	(No symbol) [0x0x7ff7ccdf4247]
	(No symbol) [0x0x7ff7ccdc89af]
	(No symbol) [0x0x7ff7ccdf100d]
	(No symbol) [0x0x7ff7ccdc8743]
	(No symbol) [0x0x7ff7ccd914c1]
	(No symbol) [0x0x7ff7ccd92253]
	GetHandleVerifier [0x0x7ff7cd25a2ad+3004797]
	GetHandleVerifier [0x0x7ff7cd2546fd+2981325]
	GetHandleVerifier [0x0x7ff7cd273350+3107360]
	GetHandleVerifier [0x0x7ff7ccfaa9fe+188622]
	GetHandleVerifier [0x0x7ff7ccfb228f+219487]
	GetHandleVerifier [0x0x7ff7ccf98dc4+115860]
	GetHandleVerifier [0x0x7ff7ccf98f79+116297]
	GetHandleVerifier [0x0x7ff7ccf7f528+11256]
	BaseThreadInitThunk [0x0x7ffb5d68e8d7+23]
	RtlUserThreadStart [0x0x7ffb5e3dc34c+44]
"
성북합동상사,"Message: 
Stacktrace:
	GetHandleVerifier [0x0x7ff7ccf8fe75+79173]
	GetHandleVerifier [0x0x7ff7ccf8fed0+79264]
	(No symbol) [0x0x7ff7ccd49e5a]
	(No symbol) [0x0x7ff7ccda0586]
	(No symbol) [0x0x7ff7ccda083c]
	(No symbol) [0x0x7ff7ccdf4247]
	(No symbol) [0x0x7ff7ccdc89af]
	(No symbol) [0x0x7ff7ccdf100d]
	(No symbol) [0x0x7ff7ccdc8743]
	(No symbol) [0x0x7ff7ccd914c1]
	(No symbol) [0x0x7ff7ccd92253]
	GetHandleVerifier [0x0x7ff7cd25a2ad+3004797]
	GetHandleVerifier [0x0x7ff7cd2546fd+2981325]
	GetHandleVerifier [0x0x7ff7cd273350+3107360]
	GetHandleVerifier [0x0x7ff7ccfaa9fe+188622]
	GetHandleVerifier [0x0x7ff7ccfb228f+219487]
	GetHandleVerifier [0x0x7ff7ccf98dc4+115860]
	GetHandleVerifier [0x0x7ff7ccf98f79+116297]
	GetHandleVerifier [0x0x7ff7ccf7f528+11256]
	BaseThreadInitThunk [0x0x7ffb5d68e8d7+23]
	RtlUserThreadStart [0x0x7ffb5e3dc34c+44]
"
하모열기술,"Message: 
Stacktrace:
	GetHandleVerifier [0x0x7ff7ccf8fe75+79173]
	GetHandleVerifier [0x0x7ff7ccf8fed0+79264]
	(No symbol) [0x0x7ff7ccd49e5a]
	(No symbol) [0x0x7ff7ccda0586]
	(No symbol) [0x0x7ff7ccda083c]
	(No symbol) [0x0x7ff7ccdf4247]
	(No symbol) [0x0x7ff7ccdc89af]
	(No symbol) [0x0x7ff7ccdf100d]
	(No symbol) [0x0x7ff7ccdc8743]
	(No symbol) [0x0x7ff7ccd914c1]
	(No symbol) [0x0x7ff7ccd92253]
	GetHandleVerifier [0x0x7ff7cd25a2ad+3004797]
	GetHandleVerifier [0x0x7ff7cd2546fd+2981325]
	GetHandleVerifier [0x0x7ff7cd273350+3107360]
	GetHandleVerifier [0x0x7ff7ccfaa9fe+188622]
	GetHandleVerifier [0x0x7ff7ccfb228f+219487]
	GetHandleVerifier [0x0x7ff7ccf98dc4+115860]
	GetHandleVerifier [0x0x7ff7ccf98f79+116297]
	GetHandleVerifier [0x0x7ff7ccf7f528+11256]
	BaseThreadInitThunk [0x0x7ffb5d68e8d7+23]
	RtlUserThreadStart [0x0x7ffb5e3dc34c+44]
"
케이에스켓,"Message: 
Stacktrace:
	GetHandleVerifier [0x0x7ff7ccf8fe75+79173]
	GetHandleVerifier [0x0x7ff7ccf8fed0+79264]
	(No symbol) [0x0x7ff7ccd49e5a]
	(No symbol) [0x0x7ff7ccda0586]
	(No symbol) [0x0x7ff7ccda083c]
	(No symbol) [0x0x7ff7ccdf4247]
	(No symbol) [0x0x7ff7ccdc89af]
	(No symbol) [0x0x7ff7ccdf100d]
	(No symbol) [0x0x7ff7ccdc8743]
	(No symbol) [0x0x7ff7ccd914c1]
	(No symbol) [0x0x7ff7ccd92253]
	GetHandleVerifier [0x0x7ff7cd25a2ad+3004797]
	GetHandleVerifier [0x0x7ff7cd2546fd+2981325]
	GetHandleVerifier [0x0x7ff7cd273350+3107360]
	GetHandleVerifier [0x0x7ff7ccfaa9fe+188622]
	GetHandleVerifier [0x0x7ff7ccfb228f+219487]
	GetHandleVerifier [0x0x7ff7ccf98dc4+115860]
	GetHandleVerifier [0x0x7ff7ccf98f79+116297]
	GetHandleVerifier [0x0x7ff7ccf7f528+11256]
	BaseThreadInitThunk [0x0x7ffb5d68e8d7+23]
	RtlUserThreadStart [0x0x7ffb5e3dc34c+44]
"
동방포루마인천지점,"Message: 
Stacktrace:
	GetHandleVerifier [0x0x7ff7ccf8fe75+79173]
	GetHandleVerifier [0x0x7ff7ccf8fed0+79264]
	(No symbol) [0x0x7ff7ccd49e5a]
	(No symbol) [0x0x7ff7ccda0586]
	(No symbol) [0x0x7ff7ccda083c]
	(No symbol) [0x0x7ff7ccdf4247]
	(No symbol) [0x0x7ff7ccdc89af]
	(No symbol) [0x0x7ff7ccdf100d]
	(No symbol) [0x0x7ff7ccdc8743]
	(No symbol) [0x0x7ff7ccd914c1]
	(No symbol) [0x0x7ff7ccd92253]
	GetHandleVerifier [0x0x7ff7cd25a2ad+3004797]
	GetHandleVerifier [0x0x7ff7cd2546fd+2981325]
	GetHandleVerifier [0x0x7ff7cd273350+3107360]
	GetHandleVerifier [0x0x7ff7ccfaa9fe+188622]
	GetHandleVerifier [0x0x7ff7ccfb228f+219487]
	GetHandleVerifier [0x0x7ff7ccf98dc4+115860]
	GetHandleVerifier [0x0x7ff7ccf98f79+116297]
	GetHandleVerifier [0x0x7ff7ccf7f528+11256]
	BaseThreadInitThunk [0x0x7ffb5d68e8d7+23]
	RtlUserThreadStart [0x0x7ffb5e3dc34c+44]
"
대명엠텍,"Message: 
Stacktrace:
	GetHandleVerifier [0x0x7ff7ccf8fe75+79173]
	GetHandleVerifier [0x0x7ff7ccf8fed0+79264]
	(No symbol) [0x0x7ff7ccd49e5a]
	(No symbol) [0x0x7ff7ccda0586]
	(No symbol) [0x0x7ff7ccda083c]
	(No symbol) [0x0x7ff7ccdf4247]
	(No symbol) [0x0x7ff7ccdc89af]
	(No symbol) [0x0x7ff7ccdf100d]
	(No symbol) [0x0x7ff7ccdc8743]
	(No symbol) [0x0x7ff7ccd914c1]
	(No symbol) [0x0x7ff7ccd92253]
	GetHandleVerifier [0x0x7ff7cd25a2ad+3004797]
	GetHandleVerifier [0x0x7ff7cd2546fd+2981325]
	GetHandleVerifier [0x0x7ff7cd273350+3107360]
	GetHandleVerifier [0x0x7ff7ccfaa9fe+188622]
	GetHandleVerifier [0x0x7ff7ccfb228f+219487]
	GetHandleVerifier [0x0x7ff7ccf98dc4+115860]
	GetHandleVerifier [0x0x7ff7ccf98f79+116297]
	GetHandleVerifier [0x0x7ff7ccf7f528+11256]
	BaseThreadInitThunk [0x0x7ffb5d68e8d7+23]
	RtlUserThreadStart [0x0x7ffb5e3dc34c+44]
"
회덕아이씨주유소충전소,"Message: 
Stacktrace:
	GetHandleVerifier [0x0x7ff7ccf8fe75+79173]
	GetHandleVerifier [0x0x7ff7ccf8fed0+79264]
	(No symbol) [0x0x7ff7ccd49e5a]
	(No symbol) [0x0x7ff7ccda0586]
	(No symbol) [0x0x7ff7ccda083c]
	(No symbol) [0x0x7ff7ccdf4247]
	(No symbol) [0x0x7ff7ccdc89af]
	(No symbol) [0x0x7ff7ccdf100d]
	(No symbol) [0x0x7ff7ccdc8743]
	(No symbol) [0x0x7ff7ccd914c1]
	(No symbol) [0x0x7ff7ccd92253]
	GetHandleVerifier [0x0x7ff7cd25a2ad+3004797]
	GetHandleVerifier [0x0x7ff7cd2546fd+2981325]
	GetHandleVerifier [0x0x7ff7cd273350+3107360]
	GetHandleVerifier [0x0x7ff7ccfaa9fe+188622]
	GetHandleVerifier [0x0x7ff7ccfb228f+219487]
	GetHandleVerifier [0x0x7ff7ccf98dc4+115860]
	GetHandleVerifier [0x0x7ff7ccf98f79+116297]
	GetHandleVerifier [0x0x7ff7ccf7f528+11256]
	BaseThreadInitThunk [0x0x7ffb5d68e8d7+23]
	RtlUserThreadStart [0x0x7ffb5e3dc34c+44]
"
의료법인영님의료재단,"Message: 
Stacktrace:
	GetHandleVerifier [0x0x7ff7ccf8fe75+79173]
	GetHandleVerifier [0x0x7ff7ccf8fed0+79264]
	(No symbol) [0x0x7ff7ccd49e5a]
	(No symbol) [0x0x7ff7ccda0586]
	(No symbol) [0x0x7ff7ccda083c]
	(No symbol) [0x0x7ff7ccdf4247]
	(No symbol) [0x0x7ff7ccdc89af]
	(No symbol) [0x0x7ff7ccdf100d]
	(No symbol) [0x0x7ff7ccdc8743]
	(No symbol) [0x0x7ff7ccd914c1]
	(No symbol) [0x0x7ff7ccd92253]
	GetHandleVerifier [0x0x7ff7cd25a2ad+3004797]
	GetHandleVerifier [0x0x7ff7cd2546fd+2981325]
	GetHandleVerifier [0x0x7ff7cd273350+3107360]
	GetHandleVerifier [0x0x7ff7ccfaa9fe+188622]
	GetHandleVerifier [0x0x7ff7ccfb228f+219487]
	GetHandleVerifier [0x0x7ff7ccf98dc4+115860]
	GetHandleVerifier [0x0x7ff7ccf98f79+116297]
	GetHandleVerifier [0x0x7ff7ccf7f528+11256]
	BaseThreadInitThunk [0x0x7ffb5d68e8d7+23]
	RtlUserThreadStart [0x0x7ffb5e3dc34c+44]
"
코리아세븐구성상온센터,"Message: 
Stacktrace:
	GetHandleVerifier [0x0x7ff7ccf8fe75+79173]
	GetHandleVerifier [0x0x7ff7ccf8fed0+79264]
	(No symbol) [0x0x7ff7ccd49e5a]
	(No symbol) [0x0x7ff7ccda0586]
	(No symbol) [0x0x7ff7ccda083c]
	(No symbol) [0x0x7ff7ccdf4247]
	(No symbol) [0x0x7ff7ccdc89af]
	(No symbol) [0x0x7ff7ccdf100d]
	(No symbol) [0x0x7ff7ccdc8743]
	(No symbol) [0x0x7ff7ccd914c1]
	(No symbol) [0x0x7ff7ccd92253]
	GetHandleVerifier [0x0x7ff7cd25a2ad+3004797]
	GetHandleVerifier [0x0x7ff7cd2546fd+2981325]
	GetHandleVerifier [0x0x7ff7cd273350+3107360]
	GetHandleVerifier [0x0x7ff7ccfaa9fe+188622]
	GetHandleVerifier [0x0x7ff7ccfb228f+219487]
	GetHandleVerifier [0x0x7ff7ccf98dc4+115860]
	GetHandleVerifier [0x0x7ff7ccf98f79+116297]
	GetHandleVerifier [0x0x7ff7ccf7f528+11256]
	BaseThreadInitThunk [0x0x7ffb5d68e8d7+23]
	RtlUserThreadStart [0x0x7ffb5e3dc34c+44]
"
제이컬렉션,"Message: 
Stacktrace:
	GetHandleVerifier [0x0x7ff7ccf8fe75+79173]
	GetHandleVerifier [0x0x7ff7ccf8fed0+79264]
	(No symbol) [0x0x7ff7ccd49e5a]
	(No symbol) [0x0x7ff7ccda0586]
	(No symbol) [0x0x7ff7ccda083c]
	(No symbol) [0x0x7ff7ccdf4247]
	(No symbol) [0x0x7ff7ccdc89af]
	(No symbol) [0x0x7ff7ccdf100d]
	(No symbol) [0x0x7ff7ccdc8743]
	(No symbol) [0x0x7ff7ccd914c1]
	(No symbol) [0x0x7ff7ccd92253]
	GetHandleVerifier [0x0x7ff7cd25a2ad+3004797]
	GetHandleVerifier [0x0x7ff7cd2546fd+2981325]
	GetHandleVerifier [0x0x7ff7cd273350+3107360]
	GetHandleVerifier [0x0x7ff7ccfaa9fe+188622]
	GetHandleVerifier [0x0x7ff7ccfb228f+219487]
	GetHandleVerifier [0x0x7ff7ccf98dc4+115860]
	GetHandleVerifier [0x0x7ff7ccf98f79+116297]
	GetHandleVerifier [0x0x7ff7ccf7f528+11256]
	BaseThreadInitThunk [0x0x7ffb5d68e8d7+23]
	RtlUserThreadStart [0x0x7ffb5e3dc34c+44]
"
한국이지메디,"Message: 
Stacktrace:
	GetHandleVerifier [0x0x7ff7ccf8fe75+79173]
	GetHandleVerifier [0x0x7ff7ccf8fed0+79264]
	(No symbol) [0x0x7ff7ccd49e5a]
	(No symbol) [0x0x7ff7ccda0586]
	(No symbol) [0x0x7ff7ccda083c]
	(No symbol) [0x0x7ff7ccdf4247]
	(No symbol) [0x0x7ff7ccdc89af]
	(No symbol) [0x0x7ff7ccdf100d]
	(No symbol) [0x0x7ff7ccdc8743]
	(No symbol) [0x0x7ff7ccd914c1]
	(No symbol) [0x0x7ff7ccd92253]
	GetHandleVerifier [0x0x7ff7cd25a2ad+3004797]
	GetHandleVerifier [0x0x7ff7cd2546fd+2981325]
	GetHandleVerifier [0x0x7ff7cd273350+3107360]
	GetHandleVerifier [0x0x7ff7ccfaa9fe+188622]
	GetHandleVerifier [0x0x7ff7ccfb228f+219487]
	GetHandleVerifier [0x0x7ff7ccf98dc4+115860]
	GetHandleVerifier [0x0x7ff7ccf98f79+116297]
	GetHandleVerifier [0x0x7ff7ccf7f528+11256]
	BaseThreadInitThunk [0x0x7ffb5d68e8d7+23]
	RtlUserThreadStart [0x0x7ffb5e3dc34c+44]
"
사회복지법인효마을,"Message: 
Stacktrace:
	GetHandleVerifier [0x0x7ff7ccf8fe75+79173]
	GetHandleVerifier [0x0x7ff7ccf8fed0+79264]
	(No symbol) [0x0x7ff7ccd49e5a]
	(No symbol) [0x0x7ff7ccda0586]
	(No symbol) [0x0x7ff7ccda083c]
	(No symbol) [0x0x7ff7ccdf4247]
	(No symbol) [0x0x7ff7ccdc89af]
	(No symbol) [0x0x7ff7ccdf100d]
	(No symbol) [0x0x7ff7ccdc8743]
	(No symbol) [0x0x7ff7ccd914c1]
	(No symbol) [0x0x7ff7ccd92253]
	GetHandleVerifier [0x0x7ff7cd25a2ad+3004797]
	GetHandleVerifier [0x0x7ff7cd2546fd+2981325]
	GetHandleVerifier [0x0x7ff7cd273350+3107360]
	GetHandleVerifier [0x0x7ff7ccfaa9fe+188622]
	GetHandleVerifier [0x0x7ff7ccfb228f+219487]
	GetHandleVerifier [0x0x7ff7ccf98dc4+115860]
	GetHandleVerifier [0x0x7ff7ccf98f79+116297]
	GetHandleVerifier [0x0x7ff7ccf7f528+11256]
	BaseThreadInitThunk [0x0x7ffb5d68e8d7+23]
	RtlUserThreadStart [0x0x7ffb5e3dc34c+44]
"
에이치피씨랩,"Message: 
Stacktrace:
	GetHandleVerifier [0x0x7ff7ccf8fe75+79173]
	GetHandleVerifier [0x0x7ff7ccf8fed0+79264]
	(No symbol) [0x0x7ff7ccd49e5a]
	(No symbol) [0x0x7ff7ccda0586]
	(No symbol) [0x0x7ff7ccda083c]
	(No symbol) [0x0x7ff7ccdf4247]
	(No symbol) [0x0x7ff7ccdc89af]
	(No symbol) [0x0x7ff7ccdf100d]
	(No symbol) [0x0x7ff7ccdc8743]
	(No symbol) [0x0x7ff7ccd914c1]
	(No symbol) [0x0x7ff7ccd92253]
	GetHandleVerifier [0x0x7ff7cd25a2ad+3004797]
	GetHandleVerifier [0x0x7ff7cd2546fd+2981325]
	GetHandleVerifier [0x0x7ff7cd273350+3107360]
	GetHandleVerifier [0x0x7ff7ccfaa9fe+188622]
	GetHandleVerifier [0x0x7ff7ccfb228f+219487]
	GetHandleVerifier [0x0x7ff7ccf98dc4+115860]
	GetHandleVerifier [0x0x7ff7ccf98f79+116297]
	GetHandleVerifier [0x0x7ff7ccf7f528+11256]
	BaseThreadInitThunk [0x0x7ffb5d68e8d7+23]
	RtlUserThreadStart [0x0x7ffb5e3dc34c+44]
"
그린신유통,"Message: 
Stacktrace:
	GetHandleVerifier [0x0x7ff7ccf8fe75+79173]
	GetHandleVerifier [0x0x7ff7ccf8fed0+79264]
	(No symbol) [0x0x7ff7ccd49e5a]
	(No symbol) [0x0x7ff7ccda0586]
	(No symbol) [0x0x7ff7ccda083c]
	(No symbol) [0x0x7ff7ccdf4247]
	(No symbol) [0x0x7ff7ccdc89af]
	(No symbol) [0x0x7ff7ccdf100d]
	(No symbol) [0x0x7ff7ccdc8743]
	(No symbol) [0x0x7ff7ccd914c1]
	(No symbol) [0x0x7ff7ccd92253]
	GetHandleVerifier [0x0x7ff7cd25a2ad+3004797]
	GetHandleVerifier [0x0x7ff7cd2546fd+2981325]
	GetHandleVerifier [0x0x7ff7cd273350+3107360]
	GetHandleVerifier [0x0x7ff7ccfaa9fe+188622]
	GetHandleVerifier [0x0x7ff7ccfb228f+219487]
	GetHandleVerifier [0x0x7ff7ccf98dc4+115860]
	GetHandleVerifier [0x0x7ff7ccf98f79+116297]
	GetHandleVerifier [0x0x7ff7ccf7f528+11256]
	BaseThreadInitThunk [0x0x7ffb5d68e8d7+23]
	RtlUserThreadStart [0x0x7ffb5e3dc34c+44]
"
에이치엔케이이엔지,"Message: 
Stacktrace:
	GetHandleVerifier [0x0x7ff7ccf8fe75+79173]
	GetHandleVerifier [0x0x7ff7ccf8fed0+79264]
	(No symbol) [0x0x7ff7ccd49e5a]
	(No symbol) [0x0x7ff7ccda0586]
	(No symbol) [0x0x7ff7ccda083c]
	(No symbol) [0x0x7ff7ccdf4247]
	(No symbol) [0x0x7ff7ccdc89af]
	(No symbol) [0x0x7ff7ccdf100d]
	(No symbol) [0x0x7ff7ccdc8743]
	(No symbol) [0x0x7ff7ccd914c1]
	(No symbol) [0x0x7ff7ccd92253]
	GetHandleVerifier [0x0x7ff7cd25a2ad+3004797]
	GetHandleVerifier [0x0x7ff7cd2546fd+2981325]
	GetHandleVerifier [0x0x7ff7cd273350+3107360]
	GetHandleVerifier [0x0x7ff7ccfaa9fe+188622]
	GetHandleVerifier [0x0x7ff7ccfb228f+219487]
	GetHandleVerifier [0x0x7ff7ccf98dc4+115860]
	GetHandleVerifier [0x0x7ff7ccf98f79+116297]
	GetHandleVerifier [0x0x7ff7ccf7f528+11256]
	BaseThreadInitThunk [0x0x7ffb5d68e8d7+23]
	RtlUserThreadStart [0x0x7ffb5e3dc34c+44]
"
거대종합건설,"Message: 
Stacktrace:
	GetHandleVerifier [0x0x7ff7ccf8fe75+79173]
	GetHandleVerifier [0x0x7ff7ccf8fed0+79264]
	(No symbol) [0x0x7ff7ccd49e5a]
	(No symbol) [0x0x7ff7ccda0586]
	(No symbol) [0x0x7ff7ccda083c]
	(No symbol) [0x0x7ff7ccdf4247]
	(No symbol) [0x0x7ff7ccdc89af]
	(No symbol) [0x0x7ff7ccdf100d]
	(No symbol) [0x0x7ff7ccdc8743]
	(No symbol) [0x0x7ff7ccd914c1]
	(No symbol) [0x0x7ff7ccd92253]
	GetHandleVerifier [0x0x7ff7cd25a2ad+3004797]
	GetHandleVerifier [0x0x7ff7cd2546fd+2981325]
	GetHandleVerifier [0x0x7ff7cd273350+3107360]
	GetHandleVerifier [0x0x7ff7ccfaa9fe+188622]
	GetHandleVerifier [0x0x7ff7ccfb228f+219487]
	GetHandleVerifier [0x0x7ff7ccf98dc4+115860]
	GetHandleVerifier [0x0x7ff7ccf98f79+116297]
	GetHandleVerifier [0x0x7ff7ccf7f528+11256]
	BaseThreadInitThunk [0x0x7ffb5d68e8d7+23]
	RtlUserThreadStart [0x0x7ffb5e3dc34c+44]
"
건국공영전남지점,"Message: 
Stacktrace:
	GetHandleVerifier [0x0x7ff7ccf8fe75+79173]
	GetHandleVerifier [0x0x7ff7ccf8fed0+79264]
	(No symbol) [0x0x7ff7ccd49e5a]
	(No symbol) [0x0x7ff7ccda0586]
	(No symbol) [0x0x7ff7ccda083c]
	(No symbol) [0x0x7ff7ccdf4247]
	(No symbol) [0x0x7ff7ccdc89af]
	(No symbol) [0x0x7ff7ccdf100d]
	(No symbol) [0x0x7ff7ccdc8743]
	(No symbol) [0x0x7ff7ccd914c1]
	(No symbol) [0x0x7ff7ccd92253]
	GetHandleVerifier [0x0x7ff7cd25a2ad+3004797]
	GetHandleVerifier [0x0x7ff7cd2546fd+2981325]
	GetHandleVerifier [0x0x7ff7cd273350+3107360]
	GetHandleVerifier [0x0x7ff7ccfaa9fe+188622]
	GetHandleVerifier [0x0x7ff7ccfb228f+219487]
	GetHandleVerifier [0x0x7ff7ccf98dc4+115860]
	GetHandleVerifier [0x0x7ff7ccf98f79+116297]
	GetHandleVerifier [0x0x7ff7ccf7f528+11256]
	BaseThreadInitThunk [0x0x7ffb5d68e8d7+23]
	RtlUserThreadStart [0x0x7ffb5e3dc34c+44]
"
케이와이에너지,"Message: 
Stacktrace:
	GetHandleVerifier [0x0x7ff7ccf8fe75+79173]
	GetHandleVerifier [0x0x7ff7ccf8fed0+79264]
	(No symbol) [0x0x7ff7ccd49e5a]
	(No symbol) [0x0x7ff7ccda0586]
	(No symbol) [0x0x7ff7ccda083c]
	(No symbol) [0x0x7ff7ccdf4247]
	(No symbol) [0x0x7ff7ccdc89af]
	(No symbol) [0x0x7ff7ccdf100d]
	(No symbol) [0x0x7ff7ccdc8743]
	(No symbol) [0x0x7ff7ccd914c1]
	(No symbol) [0x0x7ff7ccd92253]
	GetHandleVerifier [0x0x7ff7cd25a2ad+3004797]
	GetHandleVerifier [0x0x7ff7cd2546fd+2981325]
	GetHandleVerifier [0x0x7ff7cd273350+3107360]
	GetHandleVerifier [0x0x7ff7ccfaa9fe+188622]
	GetHandleVerifier [0x0x7ff7ccfb228f+219487]
	GetHandleVerifier [0x0x7ff7ccf98dc4+115860]
	GetHandleVerifier [0x0x7ff7ccf98f79+116297]
	GetHandleVerifier [0x0x7ff7ccf7f528+11256]
	BaseThreadInitThunk [0x0x7ffb5d68e8d7+23]
	RtlUserThreadStart [0x0x7ffb5e3dc34c+44]
"
교원구몬스위트호텔남원,"Message: 
Stacktrace:
	GetHandleVerifier [0x0x7ff7ccf8fe75+79173]
	GetHandleVerifier [0x0x7ff7ccf8fed0+79264]
	(No symbol) [0x0x7ff7ccd49e5a]
	(No symbol) [0x0x7ff7ccda0586]
	(No symbol) [0x0x7ff7ccda083c]
	(No symbol) [0x0x7ff7ccdf4247]
	(No symbol) [0x0x7ff7ccdc89af]
	(No symbol) [0x0x7ff7ccdf100d]
	(No symbol) [0x0x7ff7ccdc8743]
	(No symbol) [0x0x7ff7ccd914c1]
	(No symbol) [0x0x7ff7ccd92253]
	GetHandleVerifier [0x0x7ff7cd25a2ad+3004797]
	GetHandleVerifier [0x0x7ff7cd2546fd+2981325]
	GetHandleVerifier [0x0x7ff7cd273350+3107360]
	GetHandleVerifier [0x0x7ff7ccfaa9fe+188622]
	GetHandleVerifier [0x0x7ff7ccfb228f+219487]
	GetHandleVerifier [0x0x7ff7ccf98dc4+115860]
	GetHandleVerifier [0x0x7ff7ccf98f79+116297]
	GetHandleVerifier [0x0x7ff7ccf7f528+11256]
	BaseThreadInitThunk [0x0x7ffb5d68e8d7+23]
	RtlUserThreadStart [0x0x7ffb5e3dc34c+44]
"
에스에이치테크산업,"Message: 
Stacktrace:
	GetHandleVerifier [0x0x7ff7ccf8fe75+79173]
	GetHandleVerifier [0x0x7ff7ccf8fed0+79264]
	(No symbol) [0x0x7ff7ccd49e5a]
	(No symbol) [0x0x7ff7ccda0586]
	(No symbol) [0x0x7ff7ccda083c]
	(No symbol) [0x0x7ff7ccdf4247]
	(No symbol) [0x0x7ff7ccdc89af]
	(No symbol) [0x0x7ff7ccdf100d]
	(No symbol) [0x0x7ff7ccdc8743]
	(No symbol) [0x0x7ff7ccd914c1]
	(No symbol) [0x0x7ff7ccd92253]
	GetHandleVerifier [0x0x7ff7cd25a2ad+3004797]
	GetHandleVerifier [0x0x7ff7cd2546fd+2981325]
	GetHandleVerifier [0x0x7ff7cd273350+3107360]
	GetHandleVerifier [0x0x7ff7ccfaa9fe+188622]
	GetHandleVerifier [0x0x7ff7ccfb228f+219487]
	GetHandleVerifier [0x0x7ff7ccf98dc4+115860]
	GetHandleVerifier [0x0x7ff7ccf98f79+116297]
	GetHandleVerifier [0x0x7ff7ccf7f528+11256]
	BaseThreadInitThunk [0x0x7ffb5d68e8d7+23]
	RtlUserThreadStart [0x0x7ffb5e3dc34c+44]
"
효민아이시티,"Message: 
Stacktrace:
	GetHandleVerifier [0x0x7ff7ccf8fe75+79173]
	GetHandleVerifier [0x0x7ff7ccf8fed0+79264]
	(No symbol) [0x0x7ff7ccd49e5a]
	(No symbol) [0x0x7ff7ccda0586]
	(No symbol) [0x0x7ff7ccda083c]
	(No symbol) [0x0x7ff7ccdf4247]
	(No symbol) [0x0x7ff7ccdc89af]
	(No symbol) [0x0x7ff7ccdf100d]
	(No symbol) [0x0x7ff7ccdc8743]
	(No symbol) [0x0x7ff7ccd914c1]
	(No symbol) [0x0x7ff7ccd92253]
	GetHandleVerifier [0x0x7ff7cd25a2ad+3004797]
	GetHandleVerifier [0x0x7ff7cd2546fd+2981325]
	GetHandleVerifier [0x0x7ff7cd273350+3107360]
	GetHandleVerifier [0x0x7ff7ccfaa9fe+188622]
	GetHandleVerifier [0x0x7ff7ccfb228f+219487]
	GetHandleVerifier [0x0x7ff7ccf98dc4+115860]
	GetHandleVerifier [0x0x7ff7ccf98f79+116297]
	GetHandleVerifier [0x0x7ff7ccf7f528+11256]
	BaseThreadInitThunk [0x0x7ffb5d68e8d7+23]
	RtlUserThreadStart [0x0x7ffb5e3dc34c+44]
"
동방노보펌(주)수원지점,"Message: 
Stacktrace:
	GetHandleVerifier [0x0x7ff7ccf8fe75+79173]
	GetHandleVerifier [0x0x7ff7ccf8fed0+79264]
	(No symbol) [0x0x7ff7ccd49e5a]
	(No symbol) [0x0x7ff7ccda0586]
	(No symbol) [0x0x7ff7ccda083c]
	(No symbol) [0x0x7ff7ccdf4247]
	(No symbol) [0x0x7ff7ccdc89af]
	(No symbol) [0x0x7ff7ccdf100d]
	(No symbol) [0x0x7ff7ccdc8743]
	(No symbol) [0x0x7ff7ccd914c1]
	(No symbol) [0x0x7ff7ccd92253]
	GetHandleVerifier [0x0x7ff7cd25a2ad+3004797]
	GetHandleVerifier [0x0x7ff7cd2546fd+2981325]
	GetHandleVerifier [0x0x7ff7cd273350+3107360]
	GetHandleVerifier [0x0x7ff7ccfaa9fe+188622]
	GetHandleVerifier [0x0x7ff7ccfb228f+219487]
	GetHandleVerifier [0x0x7ff7ccf98dc4+115860]
	GetHandleVerifier [0x0x7ff7ccf98f79+116297]
	GetHandleVerifier [0x0x7ff7ccf7f528+11256]
	BaseThreadInitThunk [0x0x7ffb5d68e8d7+23]
	RtlUserThreadStart [0x0x7ffb5e3dc34c+44]
"
에스포종합건설,"Message: 
Stacktrace:
	GetHandleVerifier [0x0x7ff7ccf8fe75+79173]
	GetHandleVerifier [0x0x7ff7ccf8fed0+79264]
	(No symbol) [0x0x7ff7ccd49e5a]
	(No symbol) [0x0x7ff7ccda0586]
	(No symbol) [0x0x7ff7ccda083c]
	(No symbol) [0x0x7ff7ccdf4247]
	(No symbol) [0x0x7ff7ccdc89af]
	(No symbol) [0x0x7ff7ccdf100d]
	(No symbol) [0x0x7ff7ccdc8743]
	(No symbol) [0x0x7ff7ccd914c1]
	(No symbol) [0x0x7ff7ccd92253]
	GetHandleVerifier [0x0x7ff7cd25a2ad+3004797]
	GetHandleVerifier [0x0x7ff7cd2546fd+2981325]
	GetHandleVerifier [0x0x7ff7cd273350+3107360]
	GetHandleVerifier [0x0x7ff7ccfaa9fe+188622]
	GetHandleVerifier [0x0x7ff7ccfb228f+219487]
	GetHandleVerifier [0x0x7ff7ccf98dc4+115860]
	GetHandleVerifier [0x0x7ff7ccf98f79+116297]
	GetHandleVerifier [0x0x7ff7ccf7f528+11256]
	BaseThreadInitThunk [0x0x7ffb5d68e8d7+23]
	RtlUserThreadStart [0x0x7ffb5e3dc34c+44]
"
명인축산,"Message: 
Stacktrace:
	GetHandleVerifier [0x0x7ff7ccf8fe75+79173]
	GetHandleVerifier [0x0x7ff7ccf8fed0+79264]
	(No symbol) [0x0x7ff7ccd49e5a]
	(No symbol) [0x0x7ff7ccda0586]
	(No symbol) [0x0x7ff7ccda083c]
	(No symbol) [0x0x7ff7ccdf4247]
	(No symbol) [0x0x7ff7ccdc89af]
	(No symbol) [0x0x7ff7ccdf100d]
	(No symbol) [0x0x7ff7ccdc8743]
	(No symbol) [0x0x7ff7ccd914c1]
	(No symbol) [0x0x7ff7ccd92253]
	GetHandleVerifier [0x0x7ff7cd25a2ad+3004797]
	GetHandleVerifier [0x0x7ff7cd2546fd+2981325]
	GetHandleVerifier [0x0x7ff7cd273350+3107360]
	GetHandleVerifier [0x0x7ff7ccfaa9fe+188622]
	GetHandleVerifier [0x0x7ff7ccfb228f+219487]
	GetHandleVerifier [0x0x7ff7ccf98dc4+115860]
	GetHandleVerifier [0x0x7ff7ccf98f79+116297]
	GetHandleVerifier [0x0x7ff7ccf7f528+11256]
	BaseThreadInitThunk [0x0x7ffb5d68e8d7+23]
	RtlUserThreadStart [0x0x7ffb5e3dc34c+44]
"
승원디아이,"Message: 
Stacktrace:
	GetHandleVerifier [0x0x7ff7ccf8fe75+79173]
	GetHandleVerifier [0x0x7ff7ccf8fed0+79264]
	(No symbol) [0x0x7ff7ccd49e5a]
	(No symbol) [0x0x7ff7ccda0586]
	(No symbol) [0x0x7ff7ccda083c]
	(No symbol) [0x0x7ff7ccdf4247]
	(No symbol) [0x0x7ff7ccdc89af]
	(No symbol) [0x0x7ff7ccdf100d]
	(No symbol) [0x0x7ff7ccdc8743]
	(No symbol) [0x0x7ff7ccd914c1]
	(No symbol) [0x0x7ff7ccd92253]
	GetHandleVerifier [0x0x7ff7cd25a2ad+3004797]
	GetHandleVerifier [0x0x7ff7cd2546fd+2981325]
	GetHandleVerifier [0x0x7ff7cd273350+3107360]
	GetHandleVerifier [0x0x7ff7ccfaa9fe+188622]
	GetHandleVerifier [0x0x7ff7ccfb228f+219487]
	GetHandleVerifier [0x0x7ff7ccf98dc4+115860]
	GetHandleVerifier [0x0x7ff7ccf98f79+116297]
	GetHandleVerifier [0x0x7ff7ccf7f528+11256]
	BaseThreadInitThunk [0x0x7ffb5d68e8d7+23]
	RtlUserThreadStart [0x0x7ffb5e3dc34c+44]
"
한국도미노피자(주)송도점,"Message: 
Stacktrace:
	GetHandleVerifier [0x0x7ff7ccf8fe75+79173]
	GetHandleVerifier [0x0x7ff7ccf8fed0+79264]
	(No symbol) [0x0x7ff7ccd49e5a]
	(No symbol) [0x0x7ff7ccda0586]
	(No symbol) [0x0x7ff7ccda083c]
	(No symbol) [0x0x7ff7ccdf4247]
	(No symbol) [0x0x7ff7ccdc89af]
	(No symbol) [0x0x7ff7ccdf100d]
	(No symbol) [0x0x7ff7ccdc8743]
	(No symbol) [0x0x7ff7ccd914c1]
	(No symbol) [0x0x7ff7ccd92253]
	GetHandleVerifier [0x0x7ff7cd25a2ad+3004797]
	GetHandleVerifier [0x0x7ff7cd2546fd+2981325]
	GetHandleVerifier [0x0x7ff7cd273350+3107360]
	GetHandleVerifier [0x0x7ff7ccfaa9fe+188622]
	GetHandleVerifier [0x0x7ff7ccfb228f+219487]
	GetHandleVerifier [0x0x7ff7ccf98dc4+115860]
	GetHandleVerifier [0x0x7ff7ccf98f79+116297]
	GetHandleVerifier [0x0x7ff7ccf7f528+11256]
	BaseThreadInitThunk [0x0x7ffb5d68e8d7+23]
	RtlUserThreadStart [0x0x7ffb5e3dc34c+44]
"
세븐일레븐전주중화산어은점,"Message: 
Stacktrace:
	GetHandleVerifier [0x0x7ff7ccf8fe75+79173]
	GetHandleVerifier [0x0x7ff7ccf8fed0+79264]
	(No symbol) [0x0x7ff7ccd49e5a]
	(No symbol) [0x0x7ff7ccda0586]
	(No symbol) [0x0x7ff7ccda083c]
	(No symbol) [0x0x7ff7ccdf4247]
	(No symbol) [0x0x7ff7ccdc89af]
	(No symbol) [0x0x7ff7ccdf100d]
	(No symbol) [0x0x7ff7ccdc8743]
	(No symbol) [0x0x7ff7ccd914c1]
	(No symbol) [0x0x7ff7ccd92253]
	GetHandleVerifier [0x0x7ff7cd25a2ad+3004797]
	GetHandleVerifier [0x0x7ff7cd2546fd+2981325]
	GetHandleVerifier [0x0x7ff7cd273350+3107360]
	GetHandleVerifier [0x0x7ff7ccfaa9fe+188622]
	GetHandleVerifier [0x0x7ff7ccfb228f+219487]
	GetHandleVerifier [0x0x7ff7ccf98dc4+115860]
	GetHandleVerifier [0x0x7ff7ccf98f79+116297]
	GetHandleVerifier [0x0x7ff7ccf7f528+11256]
	BaseThreadInitThunk [0x0x7ffb5d68e8d7+23]
	RtlUserThreadStart [0x0x7ffb5e3dc34c+44]
"
엠에이치디씨홀딩스,"Message: 
Stacktrace:
	GetHandleVerifier [0x0x7ff7ccf8fe75+79173]
	GetHandleVerifier [0x0x7ff7ccf8fed0+79264]
	(No symbol) [0x0x7ff7ccd49e5a]
	(No symbol) [0x0x7ff7ccda0586]
	(No symbol) [0x0x7ff7ccda083c]
	(No symbol) [0x0x7ff7ccdf4247]
	(No symbol) [0x0x7ff7ccdc89af]
	(No symbol) [0x0x7ff7ccdf100d]
	(No symbol) [0x0x7ff7ccdc8743]
	(No symbol) [0x0x7ff7ccd914c1]
	(No symbol) [0x0x7ff7ccd92253]
	GetHandleVerifier [0x0x7ff7cd25a2ad+3004797]
	GetHandleVerifier [0x0x7ff7cd2546fd+2981325]
	GetHandleVerifier [0x0x7ff7cd273350+3107360]
	GetHandleVerifier [0x0x7ff7ccfaa9fe+188622]
	GetHandleVerifier [0x0x7ff7ccfb228f+219487]
	GetHandleVerifier [0x0x7ff7ccf98dc4+115860]
	GetHandleVerifier [0x0x7ff7ccf98f79+116297]
	GetHandleVerifier [0x0x7ff7ccf7f528+11256]
	BaseThreadInitThunk [0x0x7ffb5d68e8d7+23]
	RtlUserThreadStart [0x0x7ffb5e3dc34c+44]
"
아메바종로지점,"Message: 
Stacktrace:
	GetHandleVerifier [0x0x7ff7ccf8fe75+79173]
	GetHandleVerifier [0x0x7ff7ccf8fed0+79264]
	(No symbol) [0x0x7ff7ccd49e5a]
	(No symbol) [0x0x7ff7ccda0586]
	(No symbol) [0x0x7ff7ccda083c]
	(No symbol) [0x0x7ff7ccdf4247]
	(No symbol) [0x0x7ff7ccdc89af]
	(No symbol) [0x0x7ff7ccdf100d]
	(No symbol) [0x0x7ff7ccdc8743]
	(No symbol) [0x0x7ff7ccd914c1]
	(No symbol) [0x0x7ff7ccd92253]
	GetHandleVerifier [0x0x7ff7cd25a2ad+3004797]
	GetHandleVerifier [0x0x7ff7cd2546fd+2981325]
	GetHandleVerifier [0x0x7ff7cd273350+3107360]
	GetHandleVerifier [0x0x7ff7ccfaa9fe+188622]
	GetHandleVerifier [0x0x7ff7ccfb228f+219487]
	GetHandleVerifier [0x0x7ff7ccf98dc4+115860]
	GetHandleVerifier [0x0x7ff7ccf98f79+116297]
	GetHandleVerifier [0x0x7ff7ccf7f528+11256]
	BaseThreadInitThunk [0x0x7ffb5d68e8d7+23]
	RtlUserThreadStart [0x0x7ffb5e3dc34c+44]
"
비에스월드,"Message: 
Stacktrace:
	GetHandleVerifier [0x0x7ff7ccf8fe75+79173]
	GetHandleVerifier [0x0x7ff7ccf8fed0+79264]
	(No symbol) [0x0x7ff7ccd49e5a]
	(No symbol) [0x0x7ff7ccda0586]
	(No symbol) [0x0x7ff7ccda083c]
	(No symbol) [0x0x7ff7ccdf4247]
	(No symbol) [0x0x7ff7ccdc89af]
	(No symbol) [0x0x7ff7ccdf100d]
	(No symbol) [0x0x7ff7ccdc8743]
	(No symbol) [0x0x7ff7ccd914c1]
	(No symbol) [0x0x7ff7ccd92253]
	GetHandleVerifier [0x0x7ff7cd25a2ad+3004797]
	GetHandleVerifier [0x0x7ff7cd2546fd+2981325]
	GetHandleVerifier [0x0x7ff7cd273350+3107360]
	GetHandleVerifier [0x0x7ff7ccfaa9fe+188622]
	GetHandleVerifier [0x0x7ff7ccfb228f+219487]
	GetHandleVerifier [0x0x7ff7ccf98dc4+115860]
	GetHandleVerifier [0x0x7ff7ccf98f79+116297]
	GetHandleVerifier [0x0x7ff7ccf7f528+11256]
	BaseThreadInitThunk [0x0x7ffb5d68e8d7+23]
	RtlUserThreadStart [0x0x7ffb5e3dc34c+44]
"
동아전기,"Message: 
Stacktrace:
	GetHandleVerifier [0x0x7ff7ccf8fe75+79173]
	GetHandleVerifier [0x0x7ff7ccf8fed0+79264]
	(No symbol) [0x0x7ff7ccd49e5a]
	(No symbol) [0x0x7ff7ccda0586]
	(No symbol) [0x0x7ff7ccda083c]
	(No symbol) [0x0x7ff7ccdf4247]
	(No symbol) [0x0x7ff7ccdc89af]
	(No symbol) [0x0x7ff7ccdf100d]
	(No symbol) [0x0x7ff7ccdc8743]
	(No symbol) [0x0x7ff7ccd914c1]
	(No symbol) [0x0x7ff7ccd92253]
	GetHandleVerifier [0x0x7ff7cd25a2ad+3004797]
	GetHandleVerifier [0x0x7ff7cd2546fd+2981325]
	GetHandleVerifier [0x0x7ff7cd273350+3107360]
	GetHandleVerifier [0x0x7ff7ccfaa9fe+188622]
	GetHandleVerifier [0x0x7ff7ccfb228f+219487]
	GetHandleVerifier [0x0x7ff7ccf98dc4+115860]
	GetHandleVerifier [0x0x7ff7ccf98f79+116297]
	GetHandleVerifier [0x0x7ff7ccf7f528+11256]
	BaseThreadInitThunk [0x0x7ffb5d68e8d7+23]
	RtlUserThreadStart [0x0x7ffb5e3dc34c+44]
"
현민테크,"Message: 
Stacktrace:
	GetHandleVerifier [0x0x7ff7ccf8fe75+79173]
	GetHandleVerifier [0x0x7ff7ccf8fed0+79264]
	(No symbol) [0x0x7ff7ccd49e5a]
	(No symbol) [0x0x7ff7ccda0586]
	(No symbol) [0x0x7ff7ccda083c]
	(No symbol) [0x0x7ff7ccdf4247]
	(No symbol) [0x0x7ff7ccdc89af]
	(No symbol) [0x0x7ff7ccdf100d]
	(No symbol) [0x0x7ff7ccdc8743]
	(No symbol) [0x0x7ff7ccd914c1]
	(No symbol) [0x0x7ff7ccd92253]
	GetHandleVerifier [0x0x7ff7cd25a2ad+3004797]
	GetHandleVerifier [0x0x7ff7cd2546fd+2981325]
	GetHandleVerifier [0x0x7ff7cd273350+3107360]
	GetHandleVerifier [0x0x7ff7ccfaa9fe+188622]
	GetHandleVerifier [0x0x7ff7ccfb228f+219487]
	GetHandleVerifier [0x0x7ff7ccf98dc4+115860]
	GetHandleVerifier [0x0x7ff7ccf98f79+116297]
	GetHandleVerifier [0x0x7ff7ccf7f528+11256]
	BaseThreadInitThunk [0x0x7ffb5d68e8d7+23]
	RtlUserThreadStart [0x0x7ffb5e3dc34c+44]
"
연수종합건설,"Message: 
Stacktrace:
	GetHandleVerifier [0x0x7ff7ccf8fe75+79173]
	GetHandleVerifier [0x0x7ff7ccf8fed0+79264]
	(No symbol) [0x0x7ff7ccd49e5a]
	(No symbol) [0x0x7ff7ccda0586]
	(No symbol) [0x0x7ff7ccda083c]
	(No symbol) [0x0x7ff7ccdf4247]
	(No symbol) [0x0x7ff7ccdc89af]
	(No symbol) [0x0x7ff7ccdf100d]
	(No symbol) [0x0x7ff7ccdc8743]
	(No symbol) [0x0x7ff7ccd914c1]
	(No symbol) [0x0x7ff7ccd92253]
	GetHandleVerifier [0x0x7ff7cd25a2ad+3004797]
	GetHandleVerifier [0x0x7ff7cd2546fd+2981325]
	GetHandleVerifier [0x0x7ff7cd273350+3107360]
	GetHandleVerifier [0x0x7ff7ccfaa9fe+188622]
	GetHandleVerifier [0x0x7ff7ccfb228f+219487]
	GetHandleVerifier [0x0x7ff7ccf98dc4+115860]
	GetHandleVerifier [0x0x7ff7ccf98f79+116297]
	GetHandleVerifier [0x0x7ff7ccf7f528+11256]
	BaseThreadInitThunk [0x0x7ffb5d68e8d7+23]
	RtlUserThreadStart [0x0x7ffb5e3dc34c+44]
"
사회적협동조합성동수제화개발,"Message: 
Stacktrace:
	GetHandleVerifier [0x0x7ff7ccf8fe75+79173]
	GetHandleVerifier [0x0x7ff7ccf8fed0+79264]
	(No symbol) [0x0x7ff7ccd49e5a]
	(No symbol) [0x0x7ff7ccda0586]
	(No symbol) [0x0x7ff7ccda083c]
	(No symbol) [0x0x7ff7ccdf4247]
	(No symbol) [0x0x7ff7ccdc89af]
	(No symbol) [0x0x7ff7ccdf100d]
	(No symbol) [0x0x7ff7ccdc8743]
	(No symbol) [0x0x7ff7ccd914c1]
	(No symbol) [0x0x7ff7ccd92253]
	GetHandleVerifier [0x0x7ff7cd25a2ad+3004797]
	GetHandleVerifier [0x0x7ff7cd2546fd+2981325]
	GetHandleVerifier [0x0x7ff7cd273350+3107360]
	GetHandleVerifier [0x0x7ff7ccfaa9fe+188622]
	GetHandleVerifier [0x0x7ff7ccfb228f+219487]
	GetHandleVerifier [0x0x7ff7ccf98dc4+115860]
	GetHandleVerifier [0x0x7ff7ccf98f79+116297]
	GetHandleVerifier [0x0x7ff7ccf7f528+11256]
	BaseThreadInitThunk [0x0x7ffb5d68e8d7+23]
	RtlUserThreadStart [0x0x7ffb5e3dc34c+44]
"
금오산림,"Message: 
Stacktrace:
	GetHandleVerifier [0x0x7ff7ccf8fe75+79173]
	GetHandleVerifier [0x0x7ff7ccf8fed0+79264]
	(No symbol) [0x0x7ff7ccd49e5a]
	(No symbol) [0x0x7ff7ccda0586]
	(No symbol) [0x0x7ff7ccda083c]
	(No symbol) [0x0x7ff7ccdf4247]
	(No symbol) [0x0x7ff7ccdc89af]
	(No symbol) [0x0x7ff7ccdf100d]
	(No symbol) [0x0x7ff7ccdc8743]
	(No symbol) [0x0x7ff7ccd914c1]
	(No symbol) [0x0x7ff7ccd92253]
	GetHandleVerifier [0x0x7ff7cd25a2ad+3004797]
	GetHandleVerifier [0x0x7ff7cd2546fd+2981325]
	GetHandleVerifier [0x0x7ff7cd273350+3107360]
	GetHandleVerifier [0x0x7ff7ccfaa9fe+188622]
	GetHandleVerifier [0x0x7ff7ccfb228f+219487]
	GetHandleVerifier [0x0x7ff7ccf98dc4+115860]
	GetHandleVerifier [0x0x7ff7ccf98f79+116297]
	GetHandleVerifier [0x0x7ff7ccf7f528+11256]
	BaseThreadInitThunk [0x0x7ffb5d68e8d7+23]
	RtlUserThreadStart [0x0x7ffb5e3dc34c+44]
"
새론에너지,"Message: 
Stacktrace:
	GetHandleVerifier [0x0x7ff7ccf8fe75+79173]
	GetHandleVerifier [0x0x7ff7ccf8fed0+79264]
	(No symbol) [0x0x7ff7ccd49e5a]
	(No symbol) [0x0x7ff7ccda0586]
	(No symbol) [0x0x7ff7ccda083c]
	(No symbol) [0x0x7ff7ccdf4247]
	(No symbol) [0x0x7ff7ccdc89af]
	(No symbol) [0x0x7ff7ccdf100d]
	(No symbol) [0x0x7ff7ccdc8743]
	(No symbol) [0x0x7ff7ccd914c1]
	(No symbol) [0x0x7ff7ccd92253]
	GetHandleVerifier [0x0x7ff7cd25a2ad+3004797]
	GetHandleVerifier [0x0x7ff7cd2546fd+2981325]
	GetHandleVerifier [0x0x7ff7cd273350+3107360]
	GetHandleVerifier [0x0x7ff7ccfaa9fe+188622]
	GetHandleVerifier [0x0x7ff7ccfb228f+219487]
	GetHandleVerifier [0x0x7ff7ccf98dc4+115860]
	GetHandleVerifier [0x0x7ff7ccf98f79+116297]
	GetHandleVerifier [0x0x7ff7ccf7f528+11256]
	BaseThreadInitThunk [0x0x7ffb5d68e8d7+23]
	RtlUserThreadStart [0x0x7ffb5e3dc34c+44]
"
롯데쇼핑(주)롯데마트화명점,"Message: 
Stacktrace:
	GetHandleVerifier [0x0x7ff7ccf8fe75+79173]
	GetHandleVerifier [0x0x7ff7ccf8fed0+79264]
	(No symbol) [0x0x7ff7ccd49e5a]
	(No symbol) [0x0x7ff7ccda0586]
	(No symbol) [0x0x7ff7ccda083c]
	(No symbol) [0x0x7ff7ccdf4247]
	(No symbol) [0x0x7ff7ccdc89af]
	(No symbol) [0x0x7ff7ccdf100d]
	(No symbol) [0x0x7ff7ccdc8743]
	(No symbol) [0x0x7ff7ccd914c1]
	(No symbol) [0x0x7ff7ccd92253]
	GetHandleVerifier [0x0x7ff7cd25a2ad+3004797]
	GetHandleVerifier [0x0x7ff7cd2546fd+2981325]
	GetHandleVerifier [0x0x7ff7cd273350+3107360]
	GetHandleVerifier [0x0x7ff7ccfaa9fe+188622]
	GetHandleVerifier [0x0x7ff7ccfb228f+219487]
	GetHandleVerifier [0x0x7ff7ccf98dc4+115860]
	GetHandleVerifier [0x0x7ff7ccf98f79+116297]
	GetHandleVerifier [0x0x7ff7ccf7f528+11256]
	BaseThreadInitThunk [0x0x7ffb5d68e8d7+23]
	RtlUserThreadStart [0x0x7ffb5e3dc34c+44]
"
신니홀딩스,"Message: 
Stacktrace:
	GetHandleVerifier [0x0x7ff7ccf8fe75+79173]
	GetHandleVerifier [0x0x7ff7ccf8fed0+79264]
	(No symbol) [0x0x7ff7ccd49e5a]
	(No symbol) [0x0x7ff7ccda0586]
	(No symbol) [0x0x7ff7ccda083c]
	(No symbol) [0x0x7ff7ccdf4247]
	(No symbol) [0x0x7ff7ccdc89af]
	(No symbol) [0x0x7ff7ccdf100d]
	(No symbol) [0x0x7ff7ccdc8743]
	(No symbol) [0x0x7ff7ccd914c1]
	(No symbol) [0x0x7ff7ccd92253]
	GetHandleVerifier [0x0x7ff7cd25a2ad+3004797]
	GetHandleVerifier [0x0x7ff7cd2546fd+2981325]
	GetHandleVerifier [0x0x7ff7cd273350+3107360]
	GetHandleVerifier [0x0x7ff7ccfaa9fe+188622]
	GetHandleVerifier [0x0x7ff7ccfb228f+219487]
	GetHandleVerifier [0x0x7ff7ccf98dc4+115860]
	GetHandleVerifier [0x0x7ff7ccf98f79+116297]
	GetHandleVerifier [0x0x7ff7ccf7f528+11256]
	BaseThreadInitThunk [0x0x7ffb5d68e8d7+23]
	RtlUserThreadStart [0x0x7ffb5e3dc34c+44]
"
씨앤지산업,"Message: 
Stacktrace:
	GetHandleVerifier [0x0x7ff7ccf8fe75+79173]
	GetHandleVerifier [0x0x7ff7ccf8fed0+79264]
	(No symbol) [0x0x7ff7ccd49e5a]
	(No symbol) [0x0x7ff7ccda0586]
	(No symbol) [0x0x7ff7ccda083c]
	(No symbol) [0x0x7ff7ccdf4247]
	(No symbol) [0x0x7ff7ccdc89af]
	(No symbol) [0x0x7ff7ccdf100d]
	(No symbol) [0x0x7ff7ccdc8743]
	(No symbol) [0x0x7ff7ccd914c1]
	(No symbol) [0x0x7ff7ccd92253]
	GetHandleVerifier [0x0x7ff7cd25a2ad+3004797]
	GetHandleVerifier [0x0x7ff7cd2546fd+2981325]
	GetHandleVerifier [0x0x7ff7cd273350+3107360]
	GetHandleVerifier [0x0x7ff7ccfaa9fe+188622]
	GetHandleVerifier [0x0x7ff7ccfb228f+219487]
	GetHandleVerifier [0x0x7ff7ccf98dc4+115860]
	GetHandleVerifier [0x0x7ff7ccf98f79+116297]
	GetHandleVerifier [0x0x7ff7ccf7f528+11256]
	BaseThreadInitThunk [0x0x7ffb5d68e8d7+23]
	RtlUserThreadStart [0x0x7ffb5e3dc34c+44]
"
제이제이다다플러스,"Message: 
Stacktrace:
	GetHandleVerifier [0x0x7ff7ccf8fe75+79173]
	GetHandleVerifier [0x0x7ff7ccf8fed0+79264]
	(No symbol) [0x0x7ff7ccd49e5a]
	(No symbol) [0x0x7ff7ccda0586]
	(No symbol) [0x0x7ff7ccda083c]
	(No symbol) [0x0x7ff7ccdf4247]
	(No symbol) [0x0x7ff7ccdc89af]
	(No symbol) [0x0x7ff7ccdf100d]
	(No symbol) [0x0x7ff7ccdc8743]
	(No symbol) [0x0x7ff7ccd914c1]
	(No symbol) [0x0x7ff7ccd92253]
	GetHandleVerifier [0x0x7ff7cd25a2ad+3004797]
	GetHandleVerifier [0x0x7ff7cd2546fd+2981325]
	GetHandleVerifier [0x0x7ff7cd273350+3107360]
	GetHandleVerifier [0x0x7ff7ccfaa9fe+188622]
	GetHandleVerifier [0x0x7ff7ccfb228f+219487]
	GetHandleVerifier [0x0x7ff7ccf98dc4+115860]
	GetHandleVerifier [0x0x7ff7ccf98f79+116297]
	GetHandleVerifier [0x0x7ff7ccf7f528+11256]
	BaseThreadInitThunk [0x0x7ffb5d68e8d7+23]
	RtlUserThreadStart [0x0x7ffb5e3dc34c+44]
"
코리아아톰즈,"Message: 
Stacktrace:
	GetHandleVerifier [0x0x7ff7ccf8fe75+79173]
	GetHandleVerifier [0x0x7ff7ccf8fed0+79264]
	(No symbol) [0x0x7ff7ccd49e5a]
	(No symbol) [0x0x7ff7ccda0586]
	(No symbol) [0x0x7ff7ccda083c]
	(No symbol) [0x0x7ff7ccdf4247]
	(No symbol) [0x0x7ff7ccdc89af]
	(No symbol) [0x0x7ff7ccdf100d]
	(No symbol) [0x0x7ff7ccdc8743]
	(No symbol) [0x0x7ff7ccd914c1]
	(No symbol) [0x0x7ff7ccd92253]
	GetHandleVerifier [0x0x7ff7cd25a2ad+3004797]
	GetHandleVerifier [0x0x7ff7cd2546fd+2981325]
	GetHandleVerifier [0x0x7ff7cd273350+3107360]
	GetHandleVerifier [0x0x7ff7ccfaa9fe+188622]
	GetHandleVerifier [0x0x7ff7ccfb228f+219487]
	GetHandleVerifier [0x0x7ff7ccf98dc4+115860]
	GetHandleVerifier [0x0x7ff7ccf98f79+116297]
	GetHandleVerifier [0x0x7ff7ccf7f528+11256]
	BaseThreadInitThunk [0x0x7ffb5d68e8d7+23]
	RtlUserThreadStart [0x0x7ffb5e3dc34c+44]
"
성경기업마트,"Message: 
Stacktrace:
	GetHandleVerifier [0x0x7ff7ccf8fe75+79173]
	GetHandleVerifier [0x0x7ff7ccf8fed0+79264]
	(No symbol) [0x0x7ff7ccd49e5a]
	(No symbol) [0x0x7ff7ccda0586]
	(No symbol) [0x0x7ff7ccda083c]
	(No symbol) [0x0x7ff7ccdf4247]
	(No symbol) [0x0x7ff7ccdc89af]
	(No symbol) [0x0x7ff7ccdf100d]
	(No symbol) [0x0x7ff7ccdc8743]
	(No symbol) [0x0x7ff7ccd914c1]
	(No symbol) [0x0x7ff7ccd92253]
	GetHandleVerifier [0x0x7ff7cd25a2ad+3004797]
	GetHandleVerifier [0x0x7ff7cd2546fd+2981325]
	GetHandleVerifier [0x0x7ff7cd273350+3107360]
	GetHandleVerifier [0x0x7ff7ccfaa9fe+188622]
	GetHandleVerifier [0x0x7ff7ccfb228f+219487]
	GetHandleVerifier [0x0x7ff7ccf98dc4+115860]
	GetHandleVerifier [0x0x7ff7ccf98f79+116297]
	GetHandleVerifier [0x0x7ff7ccf7f528+11256]
	BaseThreadInitThunk [0x0x7ffb5d68e8d7+23]
	RtlUserThreadStart [0x0x7ffb5e3dc34c+44]
"
종합건축사사무소예시건,"Message: 
Stacktrace:
	GetHandleVerifier [0x0x7ff7ccf8fe75+79173]
	GetHandleVerifier [0x0x7ff7ccf8fed0+79264]
	(No symbol) [0x0x7ff7ccd49e5a]
	(No symbol) [0x0x7ff7ccda0586]
	(No symbol) [0x0x7ff7ccda083c]
	(No symbol) [0x0x7ff7ccdf4247]
	(No symbol) [0x0x7ff7ccdc89af]
	(No symbol) [0x0x7ff7ccdf100d]
	(No symbol) [0x0x7ff7ccdc8743]
	(No symbol) [0x0x7ff7ccd914c1]
	(No symbol) [0x0x7ff7ccd92253]
	GetHandleVerifier [0x0x7ff7cd25a2ad+3004797]
	GetHandleVerifier [0x0x7ff7cd2546fd+2981325]
	GetHandleVerifier [0x0x7ff7cd273350+3107360]
	GetHandleVerifier [0x0x7ff7ccfaa9fe+188622]
	GetHandleVerifier [0x0x7ff7ccfb228f+219487]
	GetHandleVerifier [0x0x7ff7ccf98dc4+115860]
	GetHandleVerifier [0x0x7ff7ccf98f79+116297]
	GetHandleVerifier [0x0x7ff7ccf7f528+11256]
	BaseThreadInitThunk [0x0x7ffb5d68e8d7+23]
	RtlUserThreadStart [0x0x7ffb5e3dc34c+44]
"
성진상하수도공사,"Message: 
Stacktrace:
	GetHandleVerifier [0x0x7ff7ccf8fe75+79173]
	GetHandleVerifier [0x0x7ff7ccf8fed0+79264]
	(No symbol) [0x0x7ff7ccd49e5a]
	(No symbol) [0x0x7ff7ccda0586]
	(No symbol) [0x0x7ff7ccda083c]
	(No symbol) [0x0x7ff7ccdf4247]
	(No symbol) [0x0x7ff7ccdc89af]
	(No symbol) [0x0x7ff7ccdf100d]
	(No symbol) [0x0x7ff7ccdc8743]
	(No symbol) [0x0x7ff7ccd914c1]
	(No symbol) [0x0x7ff7ccd92253]
	GetHandleVerifier [0x0x7ff7cd25a2ad+3004797]
	GetHandleVerifier [0x0x7ff7cd2546fd+2981325]
	GetHandleVerifier [0x0x7ff7cd273350+3107360]
	GetHandleVerifier [0x0x7ff7ccfaa9fe+188622]
	GetHandleVerifier [0x0x7ff7ccfb228f+219487]
	GetHandleVerifier [0x0x7ff7ccf98dc4+115860]
	GetHandleVerifier [0x0x7ff7ccf98f79+116297]
	GetHandleVerifier [0x0x7ff7ccf7f528+11256]
	BaseThreadInitThunk [0x0x7ffb5d68e8d7+23]
	RtlUserThreadStart [0x0x7ffb5e3dc34c+44]
"
하이테크글로벌,"Message: 
Stacktrace:
	GetHandleVerifier [0x0x7ff7ccf8fe75+79173]
	GetHandleVerifier [0x0x7ff7ccf8fed0+79264]
	(No symbol) [0x0x7ff7ccd49e5a]
	(No symbol) [0x0x7ff7ccda0586]
	(No symbol) [0x0x7ff7ccda083c]
	(No symbol) [0x0x7ff7ccdf4247]
	(No symbol) [0x0x7ff7ccdc89af]
	(No symbol) [0x0x7ff7ccdf100d]
	(No symbol) [0x0x7ff7ccdc8743]
	(No symbol) [0x0x7ff7ccd914c1]
	(No symbol) [0x0x7ff7ccd92253]
	GetHandleVerifier [0x0x7ff7cd25a2ad+3004797]
	GetHandleVerifier [0x0x7ff7cd2546fd+2981325]
	GetHandleVerifier [0x0x7ff7cd273350+3107360]
	GetHandleVerifier [0x0x7ff7ccfaa9fe+188622]
	GetHandleVerifier [0x0x7ff7ccfb228f+219487]
	GetHandleVerifier [0x0x7ff7ccf98dc4+115860]
	GetHandleVerifier [0x0x7ff7ccf98f79+116297]
	GetHandleVerifier [0x0x7ff7ccf7f528+11256]
	BaseThreadInitThunk [0x0x7ffb5d68e8d7+23]
	RtlUserThreadStart [0x0x7ffb5e3dc34c+44]
"
블루윙스,"Message: 
Stacktrace:
	GetHandleVerifier [0x0x7ff7ccf8fe75+79173]
	GetHandleVerifier [0x0x7ff7ccf8fed0+79264]
	(No symbol) [0x0x7ff7ccd49e5a]
	(No symbol) [0x0x7ff7ccda0586]
	(No symbol) [0x0x7ff7ccda083c]
	(No symbol) [0x0x7ff7ccdf4247]
	(No symbol) [0x0x7ff7ccdc89af]
	(No symbol) [0x0x7ff7ccdf100d]
	(No symbol) [0x0x7ff7ccdc8743]
	(No symbol) [0x0x7ff7ccd914c1]
	(No symbol) [0x0x7ff7ccd92253]
	GetHandleVerifier [0x0x7ff7cd25a2ad+3004797]
	GetHandleVerifier [0x0x7ff7cd2546fd+2981325]
	GetHandleVerifier [0x0x7ff7cd273350+3107360]
	GetHandleVerifier [0x0x7ff7ccfaa9fe+188622]
	GetHandleVerifier [0x0x7ff7ccfb228f+219487]
	GetHandleVerifier [0x0x7ff7ccf98dc4+115860]
	GetHandleVerifier [0x0x7ff7ccf98f79+116297]
	GetHandleVerifier [0x0x7ff7ccf7f528+11256]
	BaseThreadInitThunk [0x0x7ffb5d68e8d7+23]
	RtlUserThreadStart [0x0x7ffb5e3dc34c+44]
"
두남전력,"Message: 
Stacktrace:
	GetHandleVerifier [0x0x7ff7ccf8fe75+79173]
	GetHandleVerifier [0x0x7ff7ccf8fed0+79264]
	(No symbol) [0x0x7ff7ccd49e5a]
	(No symbol) [0x0x7ff7ccda0586]
	(No symbol) [0x0x7ff7ccda083c]
	(No symbol) [0x0x7ff7ccdf4247]
	(No symbol) [0x0x7ff7ccdc89af]
	(No symbol) [0x0x7ff7ccdf100d]
	(No symbol) [0x0x7ff7ccdc8743]
	(No symbol) [0x0x7ff7ccd914c1]
	(No symbol) [0x0x7ff7ccd92253]
	GetHandleVerifier [0x0x7ff7cd25a2ad+3004797]
	GetHandleVerifier [0x0x7ff7cd2546fd+2981325]
	GetHandleVerifier [0x0x7ff7cd273350+3107360]
	GetHandleVerifier [0x0x7ff7ccfaa9fe+188622]
	GetHandleVerifier [0x0x7ff7ccfb228f+219487]
	GetHandleVerifier [0x0x7ff7ccf98dc4+115860]
	GetHandleVerifier [0x0x7ff7ccf98f79+116297]
	GetHandleVerifier [0x0x7ff7ccf7f528+11256]
	BaseThreadInitThunk [0x0x7ffb5d68e8d7+23]
	RtlUserThreadStart [0x0x7ffb5e3dc34c+44]
"
매디이엔지,"Message: 
Stacktrace:
	GetHandleVerifier [0x0x7ff7ccf8fe75+79173]
	GetHandleVerifier [0x0x7ff7ccf8fed0+79264]
	(No symbol) [0x0x7ff7ccd49e5a]
	(No symbol) [0x0x7ff7ccda0586]
	(No symbol) [0x0x7ff7ccda083c]
	(No symbol) [0x0x7ff7ccdf4247]
	(No symbol) [0x0x7ff7ccdc89af]
	(No symbol) [0x0x7ff7ccdf100d]
	(No symbol) [0x0x7ff7ccdc8743]
	(No symbol) [0x0x7ff7ccd914c1]
	(No symbol) [0x0x7ff7ccd92253]
	GetHandleVerifier [0x0x7ff7cd25a2ad+3004797]
	GetHandleVerifier [0x0x7ff7cd2546fd+2981325]
	GetHandleVerifier [0x0x7ff7cd273350+3107360]
	GetHandleVerifier [0x0x7ff7ccfaa9fe+188622]
	GetHandleVerifier [0x0x7ff7ccfb228f+219487]
	GetHandleVerifier [0x0x7ff7ccf98dc4+115860]
	GetHandleVerifier [0x0x7ff7ccf98f79+116297]
	GetHandleVerifier [0x0x7ff7ccf7f528+11256]
	BaseThreadInitThunk [0x0x7ffb5d68e8d7+23]
	RtlUserThreadStart [0x0x7ffb5e3dc34c+44]
"
동인개발건설중기,"Message: 
Stacktrace:
	GetHandleVerifier [0x0x7ff7ccf8fe75+79173]
	GetHandleVerifier [0x0x7ff7ccf8fed0+79264]
	(No symbol) [0x0x7ff7ccd49e5a]
	(No symbol) [0x0x7ff7ccda0586]
	(No symbol) [0x0x7ff7ccda083c]
	(No symbol) [0x0x7ff7ccdf4247]
	(No symbol) [0x0x7ff7ccdc89af]
	(No symbol) [0x0x7ff7ccdf100d]
	(No symbol) [0x0x7ff7ccdc8743]
	(No symbol) [0x0x7ff7ccd914c1]
	(No symbol) [0x0x7ff7ccd92253]
	GetHandleVerifier [0x0x7ff7cd25a2ad+3004797]
	GetHandleVerifier [0x0x7ff7cd2546fd+2981325]
	GetHandleVerifier [0x0x7ff7cd273350+3107360]
	GetHandleVerifier [0x0x7ff7ccfaa9fe+188622]
	GetHandleVerifier [0x0x7ff7ccfb228f+219487]
	GetHandleVerifier [0x0x7ff7ccf98dc4+115860]
	GetHandleVerifier [0x0x7ff7ccf98f79+116297]
	GetHandleVerifier [0x0x7ff7ccf7f528+11256]
	BaseThreadInitThunk [0x0x7ffb5d68e8d7+23]
	RtlUserThreadStart [0x0x7ffb5e3dc34c+44]
"
오롯지역콘텐츠연구소,"Message: 
Stacktrace:
	GetHandleVerifier [0x0x7ff7ccf8fe75+79173]
	GetHandleVerifier [0x0x7ff7ccf8fed0+79264]
	(No symbol) [0x0x7ff7ccd49e5a]
	(No symbol) [0x0x7ff7ccda0586]
	(No symbol) [0x0x7ff7ccda083c]
	(No symbol) [0x0x7ff7ccdf4247]
	(No symbol) [0x0x7ff7ccdc89af]
	(No symbol) [0x0x7ff7ccdf100d]
	(No symbol) [0x0x7ff7ccdc8743]
	(No symbol) [0x0x7ff7ccd914c1]
	(No symbol) [0x0x7ff7ccd92253]
	GetHandleVerifier [0x0x7ff7cd25a2ad+3004797]
	GetHandleVerifier [0x0x7ff7cd2546fd+2981325]
	GetHandleVerifier [0x0x7ff7cd273350+3107360]
	GetHandleVerifier [0x0x7ff7ccfaa9fe+188622]
	GetHandleVerifier [0x0x7ff7ccfb228f+219487]
	GetHandleVerifier [0x0x7ff7ccf98dc4+115860]
	GetHandleVerifier [0x0x7ff7ccf98f79+116297]
	GetHandleVerifier [0x0x7ff7ccf7f528+11256]
	BaseThreadInitThunk [0x0x7ffb5d68e8d7+23]
	RtlUserThreadStart [0x0x7ffb5e3dc34c+44]
"
재영이앤지,"Message: 
Stacktrace:
	GetHandleVerifier [0x0x7ff7ccf8fe75+79173]
	GetHandleVerifier [0x0x7ff7ccf8fed0+79264]
	(No symbol) [0x0x7ff7ccd49e5a]
	(No symbol) [0x0x7ff7ccda0586]
	(No symbol) [0x0x7ff7ccda083c]
	(No symbol) [0x0x7ff7ccdf4247]
	(No symbol) [0x0x7ff7ccdc89af]
	(No symbol) [0x0x7ff7ccdf100d]
	(No symbol) [0x0x7ff7ccdc8743]
	(No symbol) [0x0x7ff7ccd914c1]
	(No symbol) [0x0x7ff7ccd92253]
	GetHandleVerifier [0x0x7ff7cd25a2ad+3004797]
	GetHandleVerifier [0x0x7ff7cd2546fd+2981325]
	GetHandleVerifier [0x0x7ff7cd273350+3107360]
	GetHandleVerifier [0x0x7ff7ccfaa9fe+188622]
	GetHandleVerifier [0x0x7ff7ccfb228f+219487]
	GetHandleVerifier [0x0x7ff7ccf98dc4+115860]
	GetHandleVerifier [0x0x7ff7ccf98f79+116297]
	GetHandleVerifier [0x0x7ff7ccf7f528+11256]
	BaseThreadInitThunk [0x0x7ffb5d68e8d7+23]
	RtlUserThreadStart [0x0x7ffb5e3dc34c+44]
"
글로위드,"Message: 
Stacktrace:
	GetHandleVerifier [0x0x7ff7ccf8fe75+79173]
	GetHandleVerifier [0x0x7ff7ccf8fed0+79264]
	(No symbol) [0x0x7ff7ccd49e5a]
	(No symbol) [0x0x7ff7ccda0586]
	(No symbol) [0x0x7ff7ccda083c]
	(No symbol) [0x0x7ff7ccdf4247]
	(No symbol) [0x0x7ff7ccdc89af]
	(No symbol) [0x0x7ff7ccdf100d]
	(No symbol) [0x0x7ff7ccdc8743]
	(No symbol) [0x0x7ff7ccd914c1]
	(No symbol) [0x0x7ff7ccd92253]
	GetHandleVerifier [0x0x7ff7cd25a2ad+3004797]
	GetHandleVerifier [0x0x7ff7cd2546fd+2981325]
	GetHandleVerifier [0x0x7ff7cd273350+3107360]
	GetHandleVerifier [0x0x7ff7ccfaa9fe+188622]
	GetHandleVerifier [0x0x7ff7ccfb228f+219487]
	GetHandleVerifier [0x0x7ff7ccf98dc4+115860]
	GetHandleVerifier [0x0x7ff7ccf98f79+116297]
	GetHandleVerifier [0x0x7ff7ccf7f528+11256]
	BaseThreadInitThunk [0x0x7ffb5d68e8d7+23]
	RtlUserThreadStart [0x0x7ffb5e3dc34c+44]
"
미디어윌대전지점,"Message: 
Stacktrace:
	GetHandleVerifier [0x0x7ff7ccf8fe75+79173]
	GetHandleVerifier [0x0x7ff7ccf8fed0+79264]
	(No symbol) [0x0x7ff7ccd49e5a]
	(No symbol) [0x0x7ff7ccda0586]
	(No symbol) [0x0x7ff7ccda083c]
	(No symbol) [0x0x7ff7ccdf4247]
	(No symbol) [0x0x7ff7ccdc89af]
	(No symbol) [0x0x7ff7ccdf100d]
	(No symbol) [0x0x7ff7ccdc8743]
	(No symbol) [0x0x7ff7ccd914c1]
	(No symbol) [0x0x7ff7ccd92253]
	GetHandleVerifier [0x0x7ff7cd25a2ad+3004797]
	GetHandleVerifier [0x0x7ff7cd2546fd+2981325]
	GetHandleVerifier [0x0x7ff7cd273350+3107360]
	GetHandleVerifier [0x0x7ff7ccfaa9fe+188622]
	GetHandleVerifier [0x0x7ff7ccfb228f+219487]
	GetHandleVerifier [0x0x7ff7ccf98dc4+115860]
	GetHandleVerifier [0x0x7ff7ccf98f79+116297]
	GetHandleVerifier [0x0x7ff7ccf7f528+11256]
	BaseThreadInitThunk [0x0x7ffb5d68e8d7+23]
	RtlUserThreadStart [0x0x7ffb5e3dc34c+44]
"
중앙이피씨,"Message: 
Stacktrace:
	GetHandleVerifier [0x0x7ff7ccf8fe75+79173]
	GetHandleVerifier [0x0x7ff7ccf8fed0+79264]
	(No symbol) [0x0x7ff7ccd49e5a]
	(No symbol) [0x0x7ff7ccda0586]
	(No symbol) [0x0x7ff7ccda083c]
	(No symbol) [0x0x7ff7ccdf4247]
	(No symbol) [0x0x7ff7ccdc89af]
	(No symbol) [0x0x7ff7ccdf100d]
	(No symbol) [0x0x7ff7ccdc8743]
	(No symbol) [0x0x7ff7ccd914c1]
	(No symbol) [0x0x7ff7ccd92253]
	GetHandleVerifier [0x0x7ff7cd25a2ad+3004797]
	GetHandleVerifier [0x0x7ff7cd2546fd+2981325]
	GetHandleVerifier [0x0x7ff7cd273350+3107360]
	GetHandleVerifier [0x0x7ff7ccfaa9fe+188622]
	GetHandleVerifier [0x0x7ff7ccfb228f+219487]
	GetHandleVerifier [0x0x7ff7ccf98dc4+115860]
	GetHandleVerifier [0x0x7ff7ccf98f79+116297]
	GetHandleVerifier [0x0x7ff7ccf7f528+11256]
	BaseThreadInitThunk [0x0x7ffb5d68e8d7+23]
	RtlUserThreadStart [0x0x7ffb5e3dc34c+44]
"
성신씨엔엠다이소점,"Message: 
Stacktrace:
	GetHandleVerifier [0x0x7ff7ccf8fe75+79173]
	GetHandleVerifier [0x0x7ff7ccf8fed0+79264]
	(No symbol) [0x0x7ff7ccd49e5a]
	(No symbol) [0x0x7ff7ccda0586]
	(No symbol) [0x0x7ff7ccda083c]
	(No symbol) [0x0x7ff7ccdf4247]
	(No symbol) [0x0x7ff7ccdc89af]
	(No symbol) [0x0x7ff7ccdf100d]
	(No symbol) [0x0x7ff7ccdc8743]
	(No symbol) [0x0x7ff7ccd914c1]
	(No symbol) [0x0x7ff7ccd92253]
	GetHandleVerifier [0x0x7ff7cd25a2ad+3004797]
	GetHandleVerifier [0x0x7ff7cd2546fd+2981325]
	GetHandleVerifier [0x0x7ff7cd273350+3107360]
	GetHandleVerifier [0x0x7ff7ccfaa9fe+188622]
	GetHandleVerifier [0x0x7ff7ccfb228f+219487]
	GetHandleVerifier [0x0x7ff7ccf98dc4+115860]
	GetHandleVerifier [0x0x7ff7ccf98f79+116297]
	GetHandleVerifier [0x0x7ff7ccf7f528+11256]
	BaseThreadInitThunk [0x0x7ffb5d68e8d7+23]
	RtlUserThreadStart [0x0x7ffb5e3dc34c+44]
"
도개정미소영농조합법인,"Message: 
Stacktrace:
	GetHandleVerifier [0x0x7ff7ccf8fe75+79173]
	GetHandleVerifier [0x0x7ff7ccf8fed0+79264]
	(No symbol) [0x0x7ff7ccd49e5a]
	(No symbol) [0x0x7ff7ccda0586]
	(No symbol) [0x0x7ff7ccda083c]
	(No symbol) [0x0x7ff7ccdf4247]
	(No symbol) [0x0x7ff7ccdc89af]
	(No symbol) [0x0x7ff7ccdf100d]
	(No symbol) [0x0x7ff7ccdc8743]
	(No symbol) [0x0x7ff7ccd914c1]
	(No symbol) [0x0x7ff7ccd92253]
	GetHandleVerifier [0x0x7ff7cd25a2ad+3004797]
	GetHandleVerifier [0x0x7ff7cd2546fd+2981325]
	GetHandleVerifier [0x0x7ff7cd273350+3107360]
	GetHandleVerifier [0x0x7ff7ccfaa9fe+188622]
	GetHandleVerifier [0x0x7ff7ccfb228f+219487]
	GetHandleVerifier [0x0x7ff7ccf98dc4+115860]
	GetHandleVerifier [0x0x7ff7ccf98f79+116297]
	GetHandleVerifier [0x0x7ff7ccf7f528+11256]
	BaseThreadInitThunk [0x0x7ffb5d68e8d7+23]
	RtlUserThreadStart [0x0x7ffb5e3dc34c+44]
"
와트드라이브코리아,"Message: 
Stacktrace:
	GetHandleVerifier [0x0x7ff7ccf8fe75+79173]
	GetHandleVerifier [0x0x7ff7ccf8fed0+79264]
	(No symbol) [0x0x7ff7ccd49e5a]
	(No symbol) [0x0x7ff7ccda0586]
	(No symbol) [0x0x7ff7ccda083c]
	(No symbol) [0x0x7ff7ccdf4247]
	(No symbol) [0x0x7ff7ccdc89af]
	(No symbol) [0x0x7ff7ccdf100d]
	(No symbol) [0x0x7ff7ccdc8743]
	(No symbol) [0x0x7ff7ccd914c1]
	(No symbol) [0x0x7ff7ccd92253]
	GetHandleVerifier [0x0x7ff7cd25a2ad+3004797]
	GetHandleVerifier [0x0x7ff7cd2546fd+2981325]
	GetHandleVerifier [0x0x7ff7cd273350+3107360]
	GetHandleVerifier [0x0x7ff7ccfaa9fe+188622]
	GetHandleVerifier [0x0x7ff7ccfb228f+219487]
	GetHandleVerifier [0x0x7ff7ccf98dc4+115860]
	GetHandleVerifier [0x0x7ff7ccf98f79+116297]
	GetHandleVerifier [0x0x7ff7ccf7f528+11256]
	BaseThreadInitThunk [0x0x7ffb5d68e8d7+23]
	RtlUserThreadStart [0x0x7ffb5e3dc34c+44]
"
의료법인성은의료재단,"Message: 
Stacktrace:
	GetHandleVerifier [0x0x7ff7ccf8fe75+79173]
	GetHandleVerifier [0x0x7ff7ccf8fed0+79264]
	(No symbol) [0x0x7ff7ccd49e5a]
	(No symbol) [0x0x7ff7ccda0586]
	(No symbol) [0x0x7ff7ccda083c]
	(No symbol) [0x0x7ff7ccdf4247]
	(No symbol) [0x0x7ff7ccdc89af]
	(No symbol) [0x0x7ff7ccdf100d]
	(No symbol) [0x0x7ff7ccdc8743]
	(No symbol) [0x0x7ff7ccd914c1]
	(No symbol) [0x0x7ff7ccd92253]
	GetHandleVerifier [0x0x7ff7cd25a2ad+3004797]
	GetHandleVerifier [0x0x7ff7cd2546fd+2981325]
	GetHandleVerifier [0x0x7ff7cd273350+3107360]
	GetHandleVerifier [0x0x7ff7ccfaa9fe+188622]
	GetHandleVerifier [0x0x7ff7ccfb228f+219487]
	GetHandleVerifier [0x0x7ff7ccf98dc4+115860]
	GetHandleVerifier [0x0x7ff7ccf98f79+116297]
	GetHandleVerifier [0x0x7ff7ccf7f528+11256]
	BaseThreadInitThunk [0x0x7ffb5d68e8d7+23]
	RtlUserThreadStart [0x0x7ffb5e3dc34c+44]
"
하온에프앤에프,"Message: 
Stacktrace:
	GetHandleVerifier [0x0x7ff7ccf8fe75+79173]
	GetHandleVerifier [0x0x7ff7ccf8fed0+79264]
	(No symbol) [0x0x7ff7ccd49e5a]
	(No symbol) [0x0x7ff7ccda0586]
	(No symbol) [0x0x7ff7ccda083c]
	(No symbol) [0x0x7ff7ccdf4247]
	(No symbol) [0x0x7ff7ccdc89af]
	(No symbol) [0x0x7ff7ccdf100d]
	(No symbol) [0x0x7ff7ccdc8743]
	(No symbol) [0x0x7ff7ccd914c1]
	(No symbol) [0x0x7ff7ccd92253]
	GetHandleVerifier [0x0x7ff7cd25a2ad+3004797]
	GetHandleVerifier [0x0x7ff7cd2546fd+2981325]
	GetHandleVerifier [0x0x7ff7cd273350+3107360]
	GetHandleVerifier [0x0x7ff7ccfaa9fe+188622]
	GetHandleVerifier [0x0x7ff7ccfb228f+219487]
	GetHandleVerifier [0x0x7ff7ccf98dc4+115860]
	GetHandleVerifier [0x0x7ff7ccf98f79+116297]
	GetHandleVerifier [0x0x7ff7ccf7f528+11256]
	BaseThreadInitThunk [0x0x7ffb5d68e8d7+23]
	RtlUserThreadStart [0x0x7ffb5e3dc34c+44]
"
주오식품,"HTTPConnectionPool(host='localhost', port=53212): Read timed out. (read timeout=120)"
진영푸드주피자헛대신삼호점,"Message: 
Stacktrace:
	GetHandleVerifier [0x0x7ff7ccf8fe75+79173]
	GetHandleVerifier [0x0x7ff7ccf8fed0+79264]
	(No symbol) [0x0x7ff7ccd49e5a]
	(No symbol) [0x0x7ff7ccda0586]
	(No symbol) [0x0x7ff7ccda083c]
	(No symbol) [0x0x7ff7ccdf4247]
	(No symbol) [0x0x7ff7ccdc89af]
	(No symbol) [0x0x7ff7ccdf100d]
	(No symbol) [0x0x7ff7ccdc8743]
	(No symbol) [0x0x7ff7ccd914c1]
	(No symbol) [0x0x7ff7ccd92253]
	GetHandleVerifier [0x0x7ff7cd25a2ad+3004797]
	GetHandleVerifier [0x0x7ff7cd2546fd+2981325]
	GetHandleVerifier [0x0x7ff7cd273350+3107360]
	GetHandleVerifier [0x0x7ff7ccfaa9fe+188622]
	GetHandleVerifier [0x0x7ff7ccfb228f+219487]
	GetHandleVerifier [0x0x7ff7ccf98dc4+115860]
	GetHandleVerifier [0x0x7ff7ccf98f79+116297]
	GetHandleVerifier [0x0x7ff7ccf7f528+11256]
	BaseThreadInitThunk [0x0x7ffb5d68e8d7+23]
	RtlUserThreadStart [0x0x7ffb5e3dc34c+44]
"
코리아세븐무교점,"Message: 
Stacktrace:
	GetHandleVerifier [0x0x7ff7ccf8fe75+79173]
	GetHandleVerifier [0x0x7ff7ccf8fed0+79264]
	(No symbol) [0x0x7ff7ccd49e5a]
	(No symbol) [0x0x7ff7ccda0586]
	(No symbol) [0x0x7ff7ccda083c]
	(No symbol) [0x0x7ff7ccdf4247]
	(No symbol) [0x0x7ff7ccdc89af]
	(No symbol) [0x0x7ff7ccdf100d]
	(No symbol) [0x0x7ff7ccdc8743]
	(No symbol) [0x0x7ff7ccd914c1]
	(No symbol) [0x0x7ff7ccd92253]
	GetHandleVerifier [0x0x7ff7cd25a2ad+3004797]
	GetHandleVerifier [0x0x7ff7cd2546fd+2981325]
	GetHandleVerifier [0x0x7ff7cd273350+3107360]
	GetHandleVerifier [0x0x7ff7ccfaa9fe+188622]
	GetHandleVerifier [0x0x7ff7ccfb228f+219487]
	GetHandleVerifier [0x0x7ff7ccf98dc4+115860]
	GetHandleVerifier [0x0x7ff7ccf98f79+116297]
	GetHandleVerifier [0x0x7ff7ccf7f528+11256]
	BaseThreadInitThunk [0x0x7ffb5d68e8d7+23]
	RtlUserThreadStart [0x0x7ffb5e3dc34c+44]
"
지엔에스엔지니어링,"Message: invalid session id
Stacktrace:
	GetHandleVerifier [0x0x7ff7ccf8fe75+79173]
	GetHandleVerifier [0x0x7ff7ccf8fed0+79264]
	(No symbol) [0x0x7ff7ccd49c8c]
	(No symbol) [0x0x7ff7ccd905ef]
	(No symbol) [0x0x7ff7ccdc8832]
	(No symbol) [0x0x7ff7ccdc3233]
	(No symbol) [0x0x7ff7ccdc22f9]
	(No symbol) [0x0x7ff7ccd15fc5]
	GetHandleVerifier [0x0x7ff7cd25a2ad+3004797]
	GetHandleVerifier [0x0x7ff7cd2546fd+2981325]
	GetHandleVerifier [0x0x7ff7cd273350+3107360]
	GetHandleVerifier [0x0x7ff7ccfaa9fe+188622]
	GetHandleVerifier [0x0x7ff7ccfb228f+219487]
	(No symbol) [0x0x7ff7ccd15036]
	GetHandleVerifier [0x0x7ff7cd373c48+4158232]
	BaseThreadInitThunk [0x0x7ffb5d68e8d7+23]
	RtlUserThreadStart [0x0x7ffb5e3dc34c+44]
"
대일화학공업,"Message: 
Stacktrace:
	GetHandleVerifier [0x0x7ff7ccf8fe75+79173]
	GetHandleVerifier [0x0x7ff7ccf8fed0+79264]
	(No symbol) [0x0x7ff7ccd49e5a]
	(No symbol) [0x0x7ff7ccda0586]
	(No symbol) [0x0x7ff7ccda083c]
	(No symbol) [0x0x7ff7ccdf4247]
	(No symbol) [0x0x7ff7ccdc89af]
	(No symbol) [0x0x7ff7ccdf100d]
	(No symbol) [0x0x7ff7ccdc8743]
	(No symbol) [0x0x7ff7ccd914c1]
	(No symbol) [0x0x7ff7ccd92253]
	GetHandleVerifier [0x0x7ff7cd25a2ad+3004797]
	GetHandleVerifier [0x0x7ff7cd2546fd+2981325]
	GetHandleVerifier [0x0x7ff7cd273350+3107360]
	GetHandleVerifier [0x0x7ff7ccfaa9fe+188622]
	GetHandleVerifier [0x0x7ff7ccfb228f+219487]
	GetHandleVerifier [0x0x7ff7ccf98dc4+115860]
	GetHandleVerifier [0x0x7ff7ccf98f79+116297]
	GetHandleVerifier [0x0x7ff7ccf7f528+11256]
	BaseThreadInitThunk [0x0x7ffb5d68e8d7+23]
	RtlUserThreadStart [0x0x7ffb5e3dc34c+44]
"
바이어스씨앤씨,"Message: 
Stacktrace:
	GetHandleVerifier [0x0x7ff7ccf8fe75+79173]
	GetHandleVerifier [0x0x7ff7ccf8fed0+79264]
	(No symbol) [0x0x7ff7ccd49e5a]
	(No symbol) [0x0x7ff7ccda0586]
	(No symbol) [0x0x7ff7ccda083c]
	(No symbol) [0x0x7ff7ccdf4247]
	(No symbol) [0x0x7ff7ccdc89af]
	(No symbol) [0x0x7ff7ccdf100d]
	(No symbol) [0x0x7ff7ccdc8743]
	(No symbol) [0x0x7ff7ccd914c1]
	(No symbol) [0x0x7ff7ccd92253]
	GetHandleVerifier [0x0x7ff7cd25a2ad+3004797]
	GetHandleVerifier [0x0x7ff7cd2546fd+2981325]
	GetHandleVerifier [0x0x7ff7cd273350+3107360]
	GetHandleVerifier [0x0x7ff7ccfaa9fe+188622]
	GetHandleVerifier [0x0x7ff7ccfb228f+219487]
	GetHandleVerifier [0x0x7ff7ccf98dc4+115860]
	GetHandleVerifier [0x0x7ff7ccf98f79+116297]
	GetHandleVerifier [0x0x7ff7ccf7f528+11256]
	BaseThreadInitThunk [0x0x7ffb5d68e8d7+23]
	RtlUserThreadStart [0x0x7ffb5e3dc34c+44]
"
지브이케이,"Message: 
Stacktrace:
	GetHandleVerifier [0x0x7ff7ccf8fe75+79173]
	GetHandleVerifier [0x0x7ff7ccf8fed0+79264]
	(No symbol) [0x0x7ff7ccd49e5a]
	(No symbol) [0x0x7ff7ccda0586]
	(No symbol) [0x0x7ff7ccda083c]
	(No symbol) [0x0x7ff7ccdf4247]
	(No symbol) [0x0x7ff7ccdc89af]
	(No symbol) [0x0x7ff7ccdf100d]
	(No symbol) [0x0x7ff7ccdc8743]
	(No symbol) [0x0x7ff7ccd914c1]
	(No symbol) [0x0x7ff7ccd92253]
	GetHandleVerifier [0x0x7ff7cd25a2ad+3004797]
	GetHandleVerifier [0x0x7ff7cd2546fd+2981325]
	GetHandleVerifier [0x0x7ff7cd273350+3107360]
	GetHandleVerifier [0x0x7ff7ccfaa9fe+188622]
	GetHandleVerifier [0x0x7ff7ccfb228f+219487]
	GetHandleVerifier [0x0x7ff7ccf98dc4+115860]
	GetHandleVerifier [0x0x7ff7ccf98f79+116297]
	GetHandleVerifier [0x0x7ff7ccf7f528+11256]
	BaseThreadInitThunk [0x0x7ffb5d68e8d7+23]
	RtlUserThreadStart [0x0x7ffb5e3dc34c+44]
"
파란헤움,"Message: 
Stacktrace:
	GetHandleVerifier [0x0x7ff7ccf8fe75+79173]
	GetHandleVerifier [0x0x7ff7ccf8fed0+79264]
	(No symbol) [0x0x7ff7ccd49e5a]
	(No symbol) [0x0x7ff7ccda0586]
	(No symbol) [0x0x7ff7ccda083c]
	(No symbol) [0x0x7ff7ccdf4247]
	(No symbol) [0x0x7ff7ccdc89af]
	(No symbol) [0x0x7ff7ccdf100d]
	(No symbol) [0x0x7ff7ccdc8743]
	(No symbol) [0x0x7ff7ccd914c1]
	(No symbol) [0x0x7ff7ccd92253]
	GetHandleVerifier [0x0x7ff7cd25a2ad+3004797]
	GetHandleVerifier [0x0x7ff7cd2546fd+2981325]
	GetHandleVerifier [0x0x7ff7cd273350+3107360]
	GetHandleVerifier [0x0x7ff7ccfaa9fe+188622]
	GetHandleVerifier [0x0x7ff7ccfb228f+219487]
	GetHandleVerifier [0x0x7ff7ccf98dc4+115860]
	GetHandleVerifier [0x0x7ff7ccf98f79+116297]
	GetHandleVerifier [0x0x7ff7ccf7f528+11256]
	BaseThreadInitThunk [0x0x7ffb5d68e8d7+23]
	RtlUserThreadStart [0x0x7ffb5e3dc34c+44]
"
해인디앤씨,"Message: 
Stacktrace:
	GetHandleVerifier [0x0x7ff7ccf8fe75+79173]
	GetHandleVerifier [0x0x7ff7ccf8fed0+79264]
	(No symbol) [0x0x7ff7ccd49e5a]
	(No symbol) [0x0x7ff7ccda0586]
	(No symbol) [0x0x7ff7ccda083c]
	(No symbol) [0x0x7ff7ccdf4247]
	(No symbol) [0x0x7ff7ccdc89af]
	(No symbol) [0x0x7ff7ccdf100d]
	(No symbol) [0x0x7ff7ccdc8743]
	(No symbol) [0x0x7ff7ccd914c1]
	(No symbol) [0x0x7ff7ccd92253]
	GetHandleVerifier [0x0x7ff7cd25a2ad+3004797]
	GetHandleVerifier [0x0x7ff7cd2546fd+2981325]
	GetHandleVerifier [0x0x7ff7cd273350+3107360]
	GetHandleVerifier [0x0x7ff7ccfaa9fe+188622]
	GetHandleVerifier [0x0x7ff7ccfb228f+219487]
	GetHandleVerifier [0x0x7ff7ccf98dc4+115860]
	GetHandleVerifier [0x0x7ff7ccf98f79+116297]
	GetHandleVerifier [0x0x7ff7ccf7f528+11256]
	BaseThreadInitThunk [0x0x7ffb5d68e8d7+23]
	RtlUserThreadStart [0x0x7ffb5e3dc34c+44]
"
운학건설,"Message: 
Stacktrace:
	GetHandleVerifier [0x0x7ff7ccf8fe75+79173]
	GetHandleVerifier [0x0x7ff7ccf8fed0+79264]
	(No symbol) [0x0x7ff7ccd49e5a]
	(No symbol) [0x0x7ff7ccda0586]
	(No symbol) [0x0x7ff7ccda083c]
	(No symbol) [0x0x7ff7ccdf4247]
	(No symbol) [0x0x7ff7ccdc89af]
	(No symbol) [0x0x7ff7ccdf100d]
	(No symbol) [0x0x7ff7ccdc8743]
	(No symbol) [0x0x7ff7ccd914c1]
	(No symbol) [0x0x7ff7ccd92253]
	GetHandleVerifier [0x0x7ff7cd25a2ad+3004797]
	GetHandleVerifier [0x0x7ff7cd2546fd+2981325]
	GetHandleVerifier [0x0x7ff7cd273350+3107360]
	GetHandleVerifier [0x0x7ff7ccfaa9fe+188622]
	GetHandleVerifier [0x0x7ff7ccfb228f+219487]
	GetHandleVerifier [0x0x7ff7ccf98dc4+115860]
	GetHandleVerifier [0x0x7ff7ccf98f79+116297]
	GetHandleVerifier [0x0x7ff7ccf7f528+11256]
	BaseThreadInitThunk [0x0x7ffb5d68e8d7+23]
	RtlUserThreadStart [0x0x7ffb5e3dc34c+44]
"
레브엔제이,"Message: 
Stacktrace:
	GetHandleVerifier [0x0x7ff7ccf8fe75+79173]
	GetHandleVerifier [0x0x7ff7ccf8fed0+79264]
	(No symbol) [0x0x7ff7ccd49e5a]
	(No symbol) [0x0x7ff7ccda0586]
	(No symbol) [0x0x7ff7ccda083c]
	(No symbol) [0x0x7ff7ccdf4247]
	(No symbol) [0x0x7ff7ccdc89af]
	(No symbol) [0x0x7ff7ccdf100d]
	(No symbol) [0x0x7ff7ccdc8743]
	(No symbol) [0x0x7ff7ccd914c1]
	(No symbol) [0x0x7ff7ccd92253]
	GetHandleVerifier [0x0x7ff7cd25a2ad+3004797]
	GetHandleVerifier [0x0x7ff7cd2546fd+2981325]
	GetHandleVerifier [0x0x7ff7cd273350+3107360]
	GetHandleVerifier [0x0x7ff7ccfaa9fe+188622]
	GetHandleVerifier [0x0x7ff7ccfb228f+219487]
	GetHandleVerifier [0x0x7ff7ccf98dc4+115860]
	GetHandleVerifier [0x0x7ff7ccf98f79+116297]
	GetHandleVerifier [0x0x7ff7ccf7f528+11256]
	BaseThreadInitThunk [0x0x7ffb5d68e8d7+23]
	RtlUserThreadStart [0x0x7ffb5e3dc34c+44]
"
